exp_id,calibracion,instancia,P,J,K,M,HTotal,id_config,tam_poblacion,n_generaciones,tiempo_max,prob_cruce,prob_mutacion,k_torneo,elitismo,tipo_init,frac_semilla,pool_tipo,pool_n,pool_sigma,m_ref,w_visita,w_capacidad,w_camiones,w_produccion,presupuesto,semilla,rep,factible,lcoh,coste_total,capex,opex,transporte,penalizacion,fitness,viol_visita,viol_capacidad,viol_camiones,viol_produccion,n_camiones,n_plantas_abiertas,modos_usados,tiempo_s,generaciones_ejec,evaluaciones,gen_mejor,gen_estancamiento,error,timestamp,hash_config
E10_PRESUP,Comparacion a presupuesto computacional constante (N x G = cte),small,4,8,16,3,22400.0,NxG=20x400,20,400,,0.6,0.2,2,True,B,0.5,nogood,8,0.15,min_efi,,,,,20x400,101,0,True,4.6045534210583625,103141.99663170733,21100.0,73073.17073170733,8968.8259,0.0,103141.99663170733,0,0.0,0,0.0,8,4,liquido,1.193266974999915,400,8020,25,375,,2026-09-05T08:16:39,c7ed447d7e
E10_PRESUP,Comparacion a presupuesto computacional constante (N x G = cte),small,4,8,16,3,22400.0,NxG=20x400,20,400,,0.6,0.2,2,True,B,0.5,nogood,8,0.15,min_efi,,,,,20x400,202,1,True,4.6045534210583625,103141.99663170733,21100.0,73073.17073170733,8968.825900000002,0.0,103141.99663170733,0,0.0,0,0.0,8,4,liquido,1.1643199780000941,400,8020,31,369,,2026-09-05T08:16:40,c7ed447d7e
E10_PRESUP,Comparacion a presupuesto computacional constante (N x G = cte),small,4,8,16,3,22400.0,NxG=20x400,20,400,,0.6,0.2,2,True,B,0.5,nogood,8,0.15,min_efi,,,,,20x400,303,2,True,4.6045534210583625,103141.99663170733,21100.0,73073.17073170733,8968.8259,0.0,103141.99663170733,0,0.0,0,0.0,8,4,liquido,1.1446504390000882,400,8020,37,363,,2026-09-05T08:16:41,c7ed447d7e
E10_PRESUP,Comparacion a presupuesto computacional constante (N x G = cte),small,4,8,16,3,22400.0,NxG=20x400,20,400,,0.6,0.2,2,True,B,0.5,nogood,8,0.15,min_efi,,,,,20x400,404,3,True,4.6045534210583625,103141.99663170733,21100.0,73073.17073170733,8968.8259,0.0,103141.99663170733,0,0.0,0,0.0,8,4,liquido,1.1454076190002525,400,8020,36,364,,2026-09-05T08:16:42,c7ed447d7e
E10_PRESUP,Comparacion a presupuesto computacional constante (N x G = cte),small,4,8,16,3,22400.0,NxG=20x400,20,400,,0.6,0.2,2,True,B,0.5,nogood,8,0.15,min_efi,,,,,20x400,505,4,True,4.6045534210583625,103141.99663170733,21100.0,73073.17073170733,8968.8259,0.0,103141.99663170733,0,0.0,0,0.0,8,4,liquido,1.1495446680000896,400,8020,42,358,,2026-09-05T08:16:43,c7ed447d7e
E10_PRESUP,Comparacion a presupuesto computacional constante (N x G = cte),small,4,8,16,3,22400.0,NxG=20x400,20,400,,0.6,0.2,2,True,B,0.5,nogood,8,0.15,min_efi,,,,,20x400,606,5,True,4.6045534210583625,103141.99663170733,21100.0,73073.17073170733,8968.8259,0.0,103141.99663170733,0,0.0,0,0.0,8,4,liquido,1.1458630189999894,400,8020,35,365,,2026-09-05T08:16:44,c7ed447d7e
E10_PRESUP,Comparacion a presupuesto computacional constante (N x G = cte),small,4,8,16,3,22400.0,NxG=20x400,20,400,,0.6,0.2,2,True,B,0.5,nogood,8,0.15,min_efi,,,,,20x400,707,6,True,4.6128332746624565,103327.46535243903,21100.0,72390.24390243903,9837.22145,0.0,103327.46535243903,0,0.0,0,0.0,8,4,liquido,1.544801987000028,400,8020,98,302,,2026-09-05T08:16:46,c7ed447d7e
E10_PRESUP,Comparacion a presupuesto computacional constante (N x G = cte),small,4,8,16,3,22400.0,NxG=20x400,20,400,,0.6,0.2,2,True,B,0.5,nogood,8,0.15,min_efi,,,,,20x400,808,7,True,4.6045534210583625,103141.99663170733,21100.0,73073.17073170733,8968.8259,0.0,103141.99663170733,0,0.0,0,0.0,8,4,liquido,1.7992045040000448,400,8020,20,380,,2026-09-05T08:16:48,c7ed447d7e
E10_PRESUP,Comparacion a presupuesto computacional constante (N x G = cte),small,4,8,16,3,22400.0,NxG=20x400,20,400,,0.6,0.2,2,True,B,0.5,nogood,8,0.15,min_efi,,,,,20x400,909,8,True,4.6045534210583625,103141.99663170733,21100.0,73073.17073170733,8968.8259,0.0,103141.99663170733,0,0.0,0,0.0,8,4,liquido,1.154836447999969,400,8020,36,364,,2026-09-05T08:16:49,c7ed447d7e
E10_PRESUP,Comparacion a presupuesto computacional constante (N x G = cte),small,4,8,16,3,22400.0,NxG=20x400,20,400,,0.6,0.2,2,True,B,0.5,nogood,8,0.15,min_efi,,,,,20x400,1010,9,True,4.6045534210583625,103141.99663170733,21100.0,73073.17073170733,8968.8259,0.0,103141.99663170733,0,0.0,0,0.0,8,4,liquido,1.1450629089999893,400,8020,24,376,,2026-09-05T08:16:50,c7ed447d7e
E10_PRESUP,Comparacion a presupuesto computacional constante (N x G = cte),small,4,8,16,3,22400.0,NxG=20x400,20,400,,0.6,0.2,2,True,B,0.5,nogood,8,0.15,min_efi,,,,,20x400,1111,10,True,4.6045534210583625,103141.99663170733,21100.0,73073.17073170733,8968.8259,0.0,103141.99663170733,0,0.0,0,0.0,8,4,liquido,1.180086367000058,400,8020,52,348,,2026-09-05T08:16:51,c7ed447d7e
E10_PRESUP,Comparacion a presupuesto computacional constante (N x G = cte),small,4,8,16,3,22400.0,NxG=20x400,20,400,,0.6,0.2,2,True,B,0.5,nogood,8,0.15,min_efi,,,,,20x400,1212,11,True,4.6045534210583625,103141.99663170733,21100.0,73073.17073170733,8968.825900000002,0.0,103141.99663170733,0,0.0,0,0.0,8,4,liquido,1.1582327179999083,400,8020,21,379,,2026-09-05T08:16:52,c7ed447d7e
E10_PRESUP,Comparacion a presupuesto computacional constante (N x G = cte),small,4,8,16,3,22400.0,NxG=20x400,20,400,,0.6,0.2,2,True,B,0.5,nogood,8,0.15,min_efi,,,,,20x400,1313,12,True,4.6045534210583625,103141.99663170733,21100.0,73073.17073170733,8968.8259,0.0,103141.99663170733,0,0.0,0,0.0,8,4,liquido,1.1825365069998952,400,8020,35,365,,2026-09-05T08:16:54,c7ed447d7e
E10_PRESUP,Comparacion a presupuesto computacional constante (N x G = cte),small,4,8,16,3,22400.0,NxG=20x400,20,400,,0.6,0.2,2,True,B,0.5,nogood,8,0.15,min_efi,,,,,20x400,1414,13,True,4.6045534210583625,103141.99663170733,21100.0,73073.17073170733,8968.8259,0.0,103141.99663170733,0,0.0,0,0.0,8,4,liquido,1.1553980479998245,400,8020,16,384,,2026-09-05T08:16:55,c7ed447d7e
E10_PRESUP,Comparacion a presupuesto computacional constante (N x G = cte),small,4,8,16,3,22400.0,NxG=20x400,20,400,,0.6,0.2,2,True,B,0.5,nogood,8,0.15,min_efi,,,,,20x400,1515,14,True,4.6045534210583625,103141.99663170733,21100.0,73073.17073170733,8968.8259,0.0,103141.99663170733,0,0.0,0,0.0,8,4,liquido,1.146902518999923,400,8020,25,375,,2026-09-05T08:16:56,c7ed447d7e
E10_PRESUP,Comparacion a presupuesto computacional constante (N x G = cte),small,4,8,16,3,22400.0,NxG=20x400,20,400,,0.6,0.2,2,True,B,0.5,nogood,8,0.15,min_efi,,,,,20x400,1616,15,True,4.6045534210583625,103141.99663170733,21100.0,73073.17073170733,8968.8259,0.0,103141.99663170733,0,0.0,0,0.0,8,4,liquido,1.150708907999615,400,8020,18,382,,2026-09-05T08:16:57,c7ed447d7e
E10_PRESUP,Comparacion a presupuesto computacional constante (N x G = cte),small,4,8,16,3,22400.0,NxG=20x400,20,400,,0.6,0.2,2,True,B,0.5,nogood,8,0.15,min_efi,,,,,20x400,1717,16,True,4.6045534210583625,103141.99663170733,21100.0,73073.17073170733,8968.825900000002,0.0,103141.99663170733,0,0.0,0,0.0,8,4,liquido,1.5471972180002922,400,8020,55,345,,2026-09-05T08:16:59,c7ed447d7e
E10_PRESUP,Comparacion a presupuesto computacional constante (N x G = cte),small,4,8,16,3,22400.0,NxG=20x400,20,400,,0.6,0.2,2,True,B,0.5,nogood,8,0.15,min_efi,,,,,20x400,1818,17,True,4.6045534210583625,103141.99663170733,21100.0,73073.17073170733,8968.825900000002,0.0,103141.99663170733,0,0.0,0,0.0,8,4,liquido,1.6729417310002646,400,8020,32,368,,2026-09-05T08:17:00,c7ed447d7e
E10_PRESUP,Comparacion a presupuesto computacional constante (N x G = cte),small,4,8,16,3,22400.0,NxG=20x400,20,400,,0.6,0.2,2,True,B,0.5,nogood,8,0.15,min_efi,,,,,20x400,1919,18,True,4.6045534210583625,103141.99663170733,21100.0,73073.17073170733,8968.825900000002,0.0,103141.99663170733,0,0.0,0,0.0,8,4,liquido,1.1529979280003317,400,8020,33,367,,2026-09-05T08:17:01,c7ed447d7e
E10_PRESUP,Comparacion a presupuesto computacional constante (N x G = cte),small,4,8,16,3,22400.0,NxG=20x400,20,400,,0.6,0.2,2,True,B,0.5,nogood,8,0.15,min_efi,,,,,20x400,2020,19,True,4.6128332746624565,103327.46535243903,21100.0,72390.24390243903,9837.221450000001,0.0,103327.46535243903,0,0.0,0,0.0,8,4,liquido,1.1990616660000342,400,8020,46,354,,2026-09-05T08:17:03,c7ed447d7e
E10_PRESUP,Comparacion a presupuesto computacional constante (N x G = cte),small,4,8,16,3,22400.0,NxG=40x200,40,200,,0.6,0.2,2,True,B,0.5,nogood,8,0.15,min_efi,,,,,40x200,101,0,True,4.6045534210583625,103141.99663170733,21100.0,73073.17073170733,8968.8259,0.0,103141.99663170733,0,0.0,0,0.0,8,4,liquido,1.159767317999922,200,8040,23,177,,2026-09-05T08:17:04,f03f3d2879
E10_PRESUP,Comparacion a presupuesto computacional constante (N x G = cte),small,4,8,16,3,22400.0,NxG=40x200,40,200,,0.6,0.2,2,True,B,0.5,nogood,8,0.15,min_efi,,,,,40x200,202,1,True,4.6045534210583625,103141.99663170733,21100.0,73073.17073170733,8968.8259,0.0,103141.99663170733,0,0.0,0,0.0,8,4,liquido,1.143352658999902,200,8040,26,174,,2026-09-05T08:17:05,f03f3d2879
E10_PRESUP,Comparacion a presupuesto computacional constante (N x G = cte),small,4,8,16,3,22400.0,NxG=40x200,40,200,,0.6,0.2,2,True,B,0.5,nogood,8,0.15,min_efi,,,,,40x200,303,2,True,4.6045534210583625,103141.99663170733,21100.0,73073.17073170733,8968.825900000002,0.0,103141.99663170733,0,0.0,0,0.0,8,4,liquido,1.1478644690000692,200,8040,32,168,,2026-09-05T08:17:06,f03f3d2879
E10_PRESUP,Comparacion a presupuesto computacional constante (N x G = cte),small,4,8,16,3,22400.0,NxG=40x200,40,200,,0.6,0.2,2,True,B,0.5,nogood,8,0.15,min_efi,,,,,40x200,404,3,True,4.6045534210583625,103141.99663170733,21100.0,73073.17073170733,8968.8259,0.0,103141.99663170733,0,0.0,0,0.0,8,4,liquido,1.146329958000024,200,8040,28,172,,2026-09-05T08:17:07,f03f3d2879
E10_PRESUP,Comparacion a presupuesto computacional constante (N x G = cte),small,4,8,16,3,22400.0,NxG=40x200,40,200,,0.6,0.2,2,True,B,0.5,nogood,8,0.15,min_efi,,,,,40x200,505,4,True,4.6045534210583625,103141.99663170733,21100.0,73073.17073170733,8968.8259,0.0,103141.99663170733,0,0.0,0,0.0,8,4,liquido,1.1446424790001402,200,8040,19,181,,2026-09-05T08:17:08,f03f3d2879
E10_PRESUP,Comparacion a presupuesto computacional constante (N x G = cte),small,4,8,16,3,22400.0,NxG=40x200,40,200,,0.6,0.2,2,True,B,0.5,nogood,8,0.15,min_efi,,,,,40x200,606,5,True,4.6045534210583625,103141.99663170733,21100.0,73073.17073170733,8968.8259,0.0,103141.99663170733,0,0.0,0,0.0,8,4,liquido,1.1580132179997236,200,8040,20,180,,2026-09-05T08:17:09,f03f3d2879
E10_PRESUP,Comparacion a presupuesto computacional constante (N x G = cte),small,4,8,16,3,22400.0,NxG=40x200,40,200,,0.6,0.2,2,True,B,0.5,nogood,8,0.15,min_efi,,,,,40x200,707,6,True,4.6045534210583625,103141.99663170733,21100.0,73073.17073170733,8968.8259,0.0,103141.99663170733,0,0.0,0,0.0,8,4,liquido,1.5453071580000142,200,8040,19,181,,2026-09-05T08:17:11,f03f3d2879
E10_PRESUP,Comparacion a presupuesto computacional constante (N x G = cte),small,4,8,16,3,22400.0,NxG=40x200,40,200,,0.6,0.2,2,True,B,0.5,nogood,8,0.15,min_efi,,,,,40x200,808,7,True,4.6045534210583625,103141.99663170733,21100.0,73073.17073170733,8968.825900000002,0.0,103141.99663170733,0,0.0,0,0.0,8,4,liquido,1.6629225810002026,200,8040,12,188,,2026-09-05T08:17:13,f03f3d2879
E10_PRESUP,Comparacion a presupuesto computacional constante (N x G = cte),small,4,8,16,3,22400.0,NxG=40x200,40,200,,0.6,0.2,2,True,B,0.5,nogood,8,0.15,min_efi,,,,,40x200,909,8,True,4.6045534210583625,103141.99663170733,21100.0,73073.17073170733,8968.8259,0.0,103141.99663170733,0,0.0,0,0.0,8,4,liquido,1.1415483490000042,200,8040,27,173,,2026-09-05T08:17:14,f03f3d2879
E10_PRESUP,Comparacion a presupuesto computacional constante (N x G = cte),small,4,8,16,3,22400.0,NxG=40x200,40,200,,0.6,0.2,2,True,B,0.5,nogood,8,0.15,min_efi,,,,,40x200,1010,9,True,4.6045534210583625,103141.99663170733,21100.0,73073.17073170733,8968.825900000002,0.0,103141.99663170733,0,0.0,0,0.0,8,4,liquido,1.1483809789997395,200,8040,18,182,,2026-09-05T08:17:15,f03f3d2879
E10_PRESUP,Comparacion a presupuesto computacional constante (N x G = cte),small,4,8,16,3,22400.0,NxG=40x200,40,200,,0.6,0.2,2,True,B,0.5,nogood,8,0.15,min_efi,,,,,40x200,1111,10,True,4.6045534210583625,103141.99663170733,21100.0,73073.17073170733,8968.825900000002,0.0,103141.99663170733,0,0.0,0,0.0,8,4,liquido,1.117838010000014,200,8040,26,174,,2026-09-05T08:17:16,f03f3d2879
E10_PRESUP,Comparacion a presupuesto computacional constante (N x G = cte),small,4,8,16,3,22400.0,NxG=40x200,40,200,,0.6,0.2,2,True,B,0.5,nogood,8,0.15,min_efi,,,,,40x200,1212,11,True,4.6045534210583625,103141.99663170733,21100.0,73073.17073170733,8968.8259,0.0,103141.99663170733,0,0.0,0,0.0,8,4,liquido,1.126581299999998,200,8040,19,181,,2026-09-05T08:17:17,f03f3d2879
E10_PRESUP,Comparacion a presupuesto computacional constante (N x G = cte),small,4,8,16,3,22400.0,NxG=40x200,40,200,,0.6,0.2,2,True,B,0.5,nogood,8,0.15,min_efi,,,,,40x200,1313,12,True,4.6045534210583625,103141.99663170733,21100.0,73073.17073170733,8968.8259,0.0,103141.99663170733,0,0.0,0,0.0,8,4,liquido,1.130834299000071,200,8040,24,176,,2026-09-05T08:17:18,f03f3d2879
E10_PRESUP,Comparacion a presupuesto computacional constante (N x G = cte),small,4,8,16,3,22400.0,NxG=40x200,40,200,,0.6,0.2,2,True,B,0.5,nogood,8,0.15,min_efi,,,,,40x200,1414,13,True,4.6045534210583625,103141.99663170733,21100.0,73073.17073170733,8968.8259,0.0,103141.99663170733,0,0.0,0,0.0,8,4,liquido,1.142548189000081,200,8040,18,182,,2026-09-05T08:17:20,f03f3d2879
E10_PRESUP,Comparacion a presupuesto computacional constante (N x G = cte),small,4,8,16,3,22400.0,NxG=40x200,40,200,,0.6,0.2,2,True,B,0.5,nogood,8,0.15,min_efi,,,,,40x200,1515,14,True,4.6128332746624565,103327.46535243903,21100.0,72390.24390243903,9837.221450000001,0.0,103327.46535243903,0,0.0,0,0.0,8,4,liquido,1.1274250699998447,200,8040,39,161,,2026-09-05T08:17:21,f03f3d2879
E10_PRESUP,Comparacion a presupuesto computacional constante (N x G = cte),small,4,8,16,3,22400.0,NxG=40x200,40,200,,0.6,0.2,2,True,B,0.5,nogood,8,0.15,min_efi,,,,,40x200,1616,15,True,4.6045534210583625,103141.99663170733,21100.0,73073.17073170733,8968.8259,0.0,103141.99663170733,0,0.0,0,0.0,8,4,liquido,1.1308408999998392,200,8040,18,182,,2026-09-05T08:17:22,f03f3d2879
E10_PRESUP,Comparacion a presupuesto computacional constante (N x G = cte),small,4,8,16,3,22400.0,NxG=40x200,40,200,,0.6,0.2,2,True,B,0.5,nogood,8,0.15,min_efi,,,,,40x200,1717,16,True,4.6045534210583625,103141.99663170733,21100.0,73073.17073170733,8968.825900000002,0.0,103141.99663170733,0,0.0,0,0.0,8,4,liquido,1.4551412020000498,200,8040,27,173,,2026-09-05T08:17:23,f03f3d2879
E10_PRESUP,Comparacion a presupuesto computacional constante (N x G = cte),small,4,8,16,3,22400.0,NxG=40x200,40,200,,0.6,0.2,2,True,B,0.5,nogood,8,0.15,min_efi,,,,,40x200,1818,17,True,4.6045534210583625,103141.99663170733,21100.0,73073.17073170733,8968.8259,0.0,103141.99663170733,0,0.0,0,0.0,8,4,liquido,1.7565457959999549,200,8040,21,179,,2026-09-05T08:17:25,f03f3d2879
E10_PRESUP,Comparacion a presupuesto computacional constante (N x G = cte),small,4,8,16,3,22400.0,NxG=40x200,40,200,,0.6,0.2,2,True,B,0.5,nogood,8,0.15,min_efi,,,,,40x200,1919,18,True,4.6045534210583625,103141.99663170733,21100.0,73073.17073170733,8968.8259,0.0,103141.99663170733,0,0.0,0,0.0,8,4,liquido,1.134003229999962,200,8040,24,176,,2026-09-05T08:17:26,f03f3d2879
E10_PRESUP,Comparacion a presupuesto computacional constante (N x G = cte),small,4,8,16,3,22400.0,NxG=40x200,40,200,,0.6,0.2,2,True,B,0.5,nogood,8,0.15,min_efi,,,,,40x200,2020,19,True,4.6045534210583625,103141.99663170733,21100.0,73073.17073170733,8968.8259,0.0,103141.99663170733,0,0.0,0,0.0,8,4,liquido,1.1281750499997543,200,8040,24,176,,2026-09-05T08:17:27,f03f3d2879
E10_PRESUP,Comparacion a presupuesto computacional constante (N x G = cte),small,4,8,16,3,22400.0,NxG=80x100,80,100,,0.6,0.2,2,True,B,0.5,nogood,8,0.15,min_efi,,,,,80x100,101,0,True,4.589244453233886,102799.07575243904,21100.0,72390.24390243903,9308.83185,0.0,102799.07575243904,0,0.0,0,0.0,8,4,liquido,1.1834333269998751,100,8080,42,58,,2026-09-05T08:17:28,dc9fd3cb5f
E10_PRESUP,Comparacion a presupuesto computacional constante (N x G = cte),small,4,8,16,3,22400.0,NxG=80x100,80,100,,0.6,0.2,2,True,B,0.5,nogood,8,0.15,min_efi,,,,,80x100,202,1,True,4.6045534210583625,103141.99663170733,21100.0,73073.17073170733,8968.825900000002,0.0,103141.99663170733,0,0.0,0,0.0,8,4,liquido,1.1506796489998123,100,8080,20,80,,2026-09-05T08:17:30,dc9fd3cb5f
E10_PRESUP,Comparacion a presupuesto computacional constante (N x G = cte),small,4,8,16,3,22400.0,NxG=80x100,80,100,,0.6,0.2,2,True,B,0.5,nogood,8,0.15,min_efi,,,,,80x100,303,2,True,4.6045534210583625,103141.99663170733,21100.0,73073.17073170733,8968.8259,0.0,103141.99663170733,0,0.0,0,0.0,8,4,liquido,1.166913558000033,100,8080,16,84,,2026-09-05T08:17:31,dc9fd3cb5f
E10_PRESUP,Comparacion a presupuesto computacional constante (N x G = cte),small,4,8,16,3,22400.0,NxG=80x100,80,100,,0.6,0.2,2,True,B,0.5,nogood,8,0.15,min_efi,,,,,80x100,404,3,True,4.6045534210583625,103141.99663170733,21100.0,73073.17073170733,8968.825900000002,0.0,103141.99663170733,0,0.0,0,0.0,8,4,liquido,1.163206037999771,100,8080,21,79,,2026-09-05T08:17:32,dc9fd3cb5f
E10_PRESUP,Comparacion a presupuesto computacional constante (N x G = cte),small,4,8,16,3,22400.0,NxG=80x100,80,100,,0.6,0.2,2,True,B,0.5,nogood,8,0.15,min_efi,,,,,80x100,505,4,True,4.6045534210583625,103141.99663170733,21100.0,73073.17073170733,8968.8259,0.0,103141.99663170733,0,0.0,0,0.0,8,4,liquido,1.1527206079999814,100,8080,22,78,,2026-09-05T08:17:33,dc9fd3cb5f
E10_PRESUP,Comparacion a presupuesto computacional constante (N x G = cte),small,4,8,16,3,22400.0,NxG=80x100,80,100,,0.6,0.2,2,True,B,0.5,nogood,8,0.15,min_efi,,,,,80x100,606,5,True,4.6045534210583625,103141.99663170733,21100.0,73073.17073170733,8968.825900000002,0.0,103141.99663170733,0,0.0,0,0.0,8,4,liquido,1.1476180589997966,100,8080,30,70,,2026-09-05T08:17:34,dc9fd3cb5f
E10_PRESUP,Comparacion a presupuesto computacional constante (N x G = cte),small,4,8,16,3,22400.0,NxG=80x100,80,100,,0.6,0.2,2,True,B,0.5,nogood,8,0.15,min_efi,,,,,80x100,707,6,True,4.6045534210583625,103141.99663170733,21100.0,73073.17073170733,8968.825900000002,0.0,103141.99663170733,0,0.0,0,0.0,8,4,liquido,1.506619000000228,100,8080,19,81,,2026-09-05T08:17:36,dc9fd3cb5f
E10_PRESUP,Comparacion a presupuesto computacional constante (N x G = cte),small,4,8,16,3,22400.0,NxG=80x100,80,100,,0.6,0.2,2,True,B,0.5,nogood,8,0.15,min_efi,,,,,80x100,808,7,True,4.6045534210583625,103141.99663170733,21100.0,73073.17073170733,8968.8259,0.0,103141.99663170733,0,0.0,0,0.0,8,4,liquido,1.7504503170002863,100,8080,19,81,,2026-09-05T08:17:38,dc9fd3cb5f
E10_PRESUP,Comparacion a presupuesto computacional constante (N x G = cte),small,4,8,16,3,22400.0,NxG=80x100,80,100,,0.6,0.2,2,True,B,0.5,nogood,8,0.15,min_efi,,,,,80x100,909,8,True,4.6045534210583625,103141.99663170733,21100.0,73073.17073170733,8968.8259,0.0,103141.99663170733,0,0.0,0,0.0,8,4,liquido,1.1373535490001814,100,8080,21,79,,2026-09-05T08:17:39,dc9fd3cb5f
E10_PRESUP,Comparacion a presupuesto computacional constante (N x G = cte),small,4,8,16,3,22400.0,NxG=80x100,80,100,,0.6,0.2,2,True,B,0.5,nogood,8,0.15,min_efi,,,,,80x100,1010,9,True,4.6045534210583625,103141.99663170733,21100.0,73073.17073170733,8968.8259,0.0,103141.99663170733,0,0.0,0,0.0,8,4,liquido,1.1723834379999971,100,8080,21,79,,2026-09-05T08:17:40,dc9fd3cb5f
E10_PRESUP,Comparacion a presupuesto computacional constante (N x G = cte),small,4,8,16,3,22400.0,NxG=80x100,80,100,,0.6,0.2,2,True,B,0.5,nogood,8,0.15,min_efi,,,,,80x100,1111,10,True,4.6045534210583625,103141.99663170733,21100.0,73073.17073170733,8968.8259,0.0,103141.99663170733,0,0.0,0,0.0,8,4,liquido,1.170399286999782,100,8080,22,78,,2026-09-05T08:17:41,dc9fd3cb5f
E10_PRESUP,Comparacion a presupuesto computacional constante (N x G = cte),small,4,8,16,3,22400.0,NxG=80x100,80,100,,0.6,0.2,2,True,B,0.5,nogood,8,0.15,min_efi,,,,,80x100,1212,11,True,4.6045534210583625,103141.99663170733,21100.0,73073.17073170733,8968.825900000002,0.0,103141.99663170733,0,0.0,0,0.0,8,4,liquido,1.1437742590001108,100,8080,23,77,,2026-09-05T08:17:42,dc9fd3cb5f
E10_PRESUP,Comparacion a presupuesto computacional constante (N x G = cte),small,4,8,16,3,22400.0,NxG=80x100,80,100,,0.6,0.2,2,True,B,0.5,nogood,8,0.15,min_efi,,,,,80x100,1313,12,True,4.6045534210583625,103141.99663170733,21100.0,73073.17073170733,8968.8259,0.0,103141.99663170733,0,0.0,0,0.0,8,4,liquido,1.150373968999702,100,8080,23,77,,2026-09-05T08:17:43,dc9fd3cb5f
E10_PRESUP,Comparacion a presupuesto computacional constante (N x G = cte),small,4,8,16,3,22400.0,NxG=80x100,80,100,,0.6,0.2,2,True,B,0.5,nogood,8,0.15,min_efi,,,,,80x100,1414,13,True,4.6045534210583625,103141.99663170733,21100.0,73073.17073170733,8968.8259,0.0,103141.99663170733,0,0.0,0,0.0,8,4,liquido,1.1544958580002458,100,8080,19,81,,2026-09-05T08:17:44,dc9fd3cb5f
E10_PRESUP,Comparacion a presupuesto computacional constante (N x G = cte),small,4,8,16,3,22400.0,NxG=80x100,80,100,,0.6,0.2,2,True,B,0.5,nogood,8,0.15,min_efi,,,,,80x100,1515,14,True,4.6045534210583625,103141.99663170733,21100.0,73073.17073170733,8968.825899999998,0.0,103141.99663170733,0,0.0,0,0.0,8,4,liquido,1.141320708999956,100,8080,18,82,,2026-09-05T08:17:46,dc9fd3cb5f
E10_PRESUP,Comparacion a presupuesto computacional constante (N x G = cte),small,4,8,16,3,22400.0,NxG=80x100,80,100,,0.6,0.2,2,True,B,0.5,nogood,8,0.15,min_efi,,,,,80x100,1616,15,True,4.6045534210583625,103141.99663170733,21100.0,73073.17073170733,8968.8259,0.0,103141.99663170733,0,0.0,0,0.0,8,4,liquido,1.1425295089998144,100,8080,15,85,,2026-09-05T08:17:47,dc9fd3cb5f
E10_PRESUP,Comparacion a presupuesto computacional constante (N x G = cte),small,4,8,16,3,22400.0,NxG=80x100,80,100,,0.6,0.2,2,True,B,0.5,nogood,8,0.15,min_efi,,,,,80x100,1717,16,True,4.6045534210583625,103141.99663170733,21100.0,73073.17073170733,8968.8259,0.0,103141.99663170733,0,0.0,0,0.0,8,4,liquido,1.5181240189999698,100,8080,23,77,,2026-09-05T08:17:48,dc9fd3cb5f
E10_PRESUP,Comparacion a presupuesto computacional constante (N x G = cte),small,4,8,16,3,22400.0,NxG=80x100,80,100,,0.6,0.2,2,True,B,0.5,nogood,8,0.15,min_efi,,,,,80x100,1818,17,True,4.6045534210583625,103141.99663170733,21100.0,73073.17073170733,8968.8259,0.0,103141.99663170733,0,0.0,0,0.0,8,4,liquido,1.7382048469999063,100,8080,21,79,,2026-09-05T08:17:50,dc9fd3cb5f
E10_PRESUP,Comparacion a presupuesto computacional constante (N x G = cte),small,4,8,16,3,22400.0,NxG=80x100,80,100,,0.6,0.2,2,True,B,0.5,nogood,8,0.15,min_efi,,,,,80x100,1919,18,True,4.6045534210583625,103141.99663170733,21100.0,73073.17073170733,8968.825900000002,0.0,103141.99663170733,0,0.0,0,0.0,8,4,liquido,1.1702021680002872,100,8080,34,66,,2026-09-05T08:17:51,dc9fd3cb5f
E10_PRESUP,Comparacion a presupuesto computacional constante (N x G = cte),small,4,8,16,3,22400.0,NxG=80x100,80,100,,0.6,0.2,2,True,B,0.5,nogood,8,0.15,min_efi,,,,,80x100,2020,19,True,4.6045534210583625,103141.99663170733,21100.0,73073.17073170733,8968.8259,0.0,103141.99663170733,0,0.0,0,0.0,8,4,liquido,1.1519231590000345,100,8080,22,78,,2026-09-05T08:17:52,dc9fd3cb5f
E10_PRESUP,Comparacion a presupuesto computacional constante (N x G = cte),small,4,8,16,3,22400.0,NxG=160x50,160,50,,0.6,0.2,2,True,B,0.5,nogood,8,0.15,min_efi,,,,,160x50,101,0,True,4.6045534210583625,103141.99663170733,21100.0,73073.17073170733,8968.8259,0.0,103141.99663170733,0,0.0,0,0.0,8,4,liquido,1.2858765519999906,50,8160,17,33,,2026-09-05T08:17:54,16d11017c0
E10_PRESUP,Comparacion a presupuesto computacional constante (N x G = cte),small,4,8,16,3,22400.0,NxG=160x50,160,50,,0.6,0.2,2,True,B,0.5,nogood,8,0.15,min_efi,,,,,160x50,202,1,True,4.6045534210583625,103141.99663170733,21100.0,73073.17073170733,8968.8259,0.0,103141.99663170733,0,0.0,0,0.0,8,4,liquido,1.1864536560001397,50,8160,16,34,,2026-09-05T08:17:55,16d11017c0
E10_PRESUP,Comparacion a presupuesto computacional constante (N x G = cte),small,4,8,16,3,22400.0,NxG=160x50,160,50,,0.6,0.2,2,True,B,0.5,nogood,8,0.15,min_efi,,,,,160x50,303,2,True,4.6045534210583625,103141.99663170733,21100.0,73073.17073170733,8968.825900000002,0.0,103141.99663170733,0,0.0,0,0.0,8,4,liquido,1.1668609779999315,50,8160,18,32,,2026-09-05T08:17:56,16d11017c0
E10_PRESUP,Comparacion a presupuesto computacional constante (N x G = cte),small,4,8,16,3,22400.0,NxG=160x50,160,50,,0.6,0.2,2,True,B,0.5,nogood,8,0.15,min_efi,,,,,160x50,404,3,True,4.6045534210583625,103141.99663170733,21100.0,73073.17073170733,8968.825900000002,0.0,103141.99663170733,0,0.0,0,0.0,8,4,liquido,1.3177371790002326,50,8160,23,27,,2026-09-05T08:17:57,16d11017c0
E10_PRESUP,Comparacion a presupuesto computacional constante (N x G = cte),small,4,8,16,3,22400.0,NxG=160x50,160,50,,0.6,0.2,2,True,B,0.5,nogood,8,0.15,min_efi,,,,,160x50,505,4,True,4.6045534210583625,103141.99663170733,21100.0,73073.17073170733,8968.8259,0.0,103141.99663170733,0,0.0,0,0.0,8,4,liquido,1.193600687000071,50,8160,18,32,,2026-09-05T08:17:59,16d11017c0
E10_PRESUP,Comparacion a presupuesto computacional constante (N x G = cte),small,4,8,16,3,22400.0,NxG=160x50,160,50,,0.6,0.2,2,True,B,0.5,nogood,8,0.15,min_efi,,,,,160x50,606,5,True,4.6045534210583625,103141.99663170733,21100.0,73073.17073170733,8968.8259,0.0,103141.99663170733,0,0.0,0,0.0,8,4,liquido,1.2980804110002282,50,8160,14,36,,2026-09-05T08:18:00,16d11017c0
E10_PRESUP,Comparacion a presupuesto computacional constante (N x G = cte),small,4,8,16,3,22400.0,NxG=160x50,160,50,,0.6,0.2,2,True,B,0.5,nogood,8,0.15,min_efi,,,,,160x50,707,6,True,4.6045534210583625,103141.99663170733,21100.0,73073.17073170733,8968.8259,0.0,103141.99663170733,0,0.0,0,0.0,8,4,liquido,1.8772123399999145,50,8160,16,34,,2026-09-05T08:18:02,16d11017c0
E10_PRESUP,Comparacion a presupuesto computacional constante (N x G = cte),small,4,8,16,3,22400.0,NxG=160x50,160,50,,0.6,0.2,2,True,B,0.5,nogood,8,0.15,min_efi,,,,,160x50,808,7,True,4.6045534210583625,103141.99663170733,21100.0,73073.17073170733,8968.8259,0.0,103141.99663170733,0,0.0,0,0.0,8,4,liquido,1.4070594350000647,50,8160,20,30,,2026-09-05T08:18:03,16d11017c0
E10_PRESUP,Comparacion a presupuesto computacional constante (N x G = cte),small,4,8,16,3,22400.0,NxG=160x50,160,50,,0.6,0.2,2,True,B,0.5,nogood,8,0.15,min_efi,,,,,160x50,909,8,True,4.6045534210583625,103141.99663170733,21100.0,73073.17073170733,8968.8259,0.0,103141.99663170733,0,0.0,0,0.0,8,4,liquido,1.258270193000044,50,8160,14,36,,2026-09-05T08:18:04,16d11017c0
E10_PRESUP,Comparacion a presupuesto computacional constante (N x G = cte),small,4,8,16,3,22400.0,NxG=160x50,160,50,,0.6,0.2,2,True,B,0.5,nogood,8,0.15,min_efi,,,,,160x50,1010,9,True,4.6045534210583625,103141.99663170733,21100.0,73073.17073170733,8968.8259,0.0,103141.99663170733,0,0.0,0,0.0,8,4,liquido,1.1731814179997855,50,8160,17,33,,2026-09-05T08:18:06,16d11017c0
E10_PRESUP,Comparacion a presupuesto computacional constante (N x G = cte),small,4,8,16,3,22400.0,NxG=160x50,160,50,,0.6,0.2,2,True,B,0.5,nogood,8,0.15,min_efi,,,,,160x50,1111,10,True,4.6045534210583625,103141.99663170733,21100.0,73073.17073170733,8968.8259,0.0,103141.99663170733,0,0.0,0,0.0,8,4,liquido,1.2161174849998133,50,8160,21,29,,2026-09-05T08:18:07,16d11017c0
E10_PRESUP,Comparacion a presupuesto computacional constante (N x G = cte),small,4,8,16,3,22400.0,NxG=160x50,160,50,,0.6,0.2,2,True,B,0.5,nogood,8,0.15,min_efi,,,,,160x50,1212,11,True,4.6045534210583625,103141.99663170733,21100.0,73073.17073170733,8968.825900000002,0.0,103141.99663170733,0,0.0,0,0.0,8,4,liquido,1.2783159820000947,50,8160,22,28,,2026-09-05T08:18:08,16d11017c0
E10_PRESUP,Comparacion a presupuesto computacional constante (N x G = cte),small,4,8,16,3,22400.0,NxG=160x50,160,50,,0.6,0.2,2,True,B,0.5,nogood,8,0.15,min_efi,,,,,160x50,1313,12,True,4.6045534210583625,103141.99663170733,21100.0,73073.17073170733,8968.8259,0.0,103141.99663170733,0,0.0,0,0.0,8,4,liquido,1.2258158340000591,50,8160,17,33,,2026-09-05T08:18:09,16d11017c0
E10_PRESUP,Comparacion a presupuesto computacional constante (N x G = cte),small,4,8,16,3,22400.0,NxG=160x50,160,50,,0.6,0.2,2,True,B,0.5,nogood,8,0.15,min_efi,,,,,160x50,1414,13,True,4.6045534210583625,103141.99663170733,21100.0,73073.17073170733,8968.8259,0.0,103141.99663170733,0,0.0,0,0.0,8,4,liquido,1.295017230999747,50,8160,18,32,,2026-09-05T08:18:11,16d11017c0
E10_PRESUP,Comparacion a presupuesto computacional constante (N x G = cte),small,4,8,16,3,22400.0,NxG=160x50,160,50,,0.6,0.2,2,True,B,0.5,nogood,8,0.15,min_efi,,,,,160x50,1515,14,True,4.6045534210583625,103141.99663170733,21100.0,73073.17073170733,8968.8259,0.0,103141.99663170733,0,0.0,0,0.0,8,4,liquido,1.2175704549999864,50,8160,23,27,,2026-09-05T08:18:12,16d11017c0
E10_PRESUP,Comparacion a presupuesto computacional constante (N x G = cte),small,4,8,16,3,22400.0,NxG=160x50,160,50,,0.6,0.2,2,True,B,0.5,nogood,8,0.15,min_efi,,,,,160x50,1616,15,True,4.6045534210583625,103141.99663170733,21100.0,73073.17073170733,8968.8259,0.0,103141.99663170733,0,0.0,0,0.0,8,4,liquido,1.613685474000249,50,8160,20,30,,2026-09-05T08:18:13,16d11017c0
E10_PRESUP,Comparacion a presupuesto computacional constante (N x G = cte),small,4,8,16,3,22400.0,NxG=160x50,160,50,,0.6,0.2,2,True,B,0.5,nogood,8,0.15,min_efi,,,,,160x50,1717,16,True,4.6045534210583625,103141.99663170733,21100.0,73073.17073170733,8968.825900000002,0.0,103141.99663170733,0,0.0,0,0.0,8,4,liquido,1.7492852769996716,50,8160,16,34,,2026-09-05T08:18:15,16d11017c0
E10_PRESUP,Comparacion a presupuesto computacional constante (N x G = cte),small,4,8,16,3,22400.0,NxG=160x50,160,50,,0.6,0.2,2,True,B,0.5,nogood,8,0.15,min_efi,,,,,160x50,1818,17,True,4.6045534210583625,103141.99663170733,21100.0,73073.17073170733,8968.8259,0.0,103141.99663170733,0,0.0,0,0.0,8,4,liquido,1.2200760250002531,50,8160,19,31,,2026-09-05T08:18:16,16d11017c0
E10_PRESUP,Comparacion a presupuesto computacional constante (N x G = cte),small,4,8,16,3,22400.0,NxG=160x50,160,50,,0.6,0.2,2,True,B,0.5,nogood,8,0.15,min_efi,,,,,160x50,1919,18,True,4.6045534210583625,103141.99663170733,21100.0,73073.17073170733,8968.8259,0.0,103141.99663170733,0,0.0,0,0.0,8,4,liquido,1.2087098779998087,50,8160,19,31,,2026-09-05T08:18:18,16d11017c0
E10_PRESUP,Comparacion a presupuesto computacional constante (N x G = cte),small,4,8,16,3,22400.0,NxG=160x50,160,50,,0.6,0.2,2,True,B,0.5,nogood,8,0.15,min_efi,,,,,160x50,2020,19,True,4.6045534210583625,103141.99663170733,21100.0,73073.17073170733,8968.825900000002,0.0,103141.99663170733,0,0.0,0,0.0,8,4,liquido,1.2747925530002249,50,8160,21,29,,2026-09-05T08:18:19,16d11017c0
E10_PRESUP,Comparacion a presupuesto computacional constante (N x G = cte),medium,8,18,34,3,38600.0,NxG=20x400,20,400,,0.6,0.2,2,True,B,0.5,nogood,8,0.15,min_efi,,,,,20x400,101,0,True,4.457880823012764,172074.1997682927,32400.0,127926.82926829268,11747.370499999997,0.0,172074.1997682927,0,0.0,0,0.0,15,6,liquido,2.1476934329998585,400,8020,241,159,,2026-09-05T08:18:21,c7ed447d7e
E10_PRESUP,Comparacion a presupuesto computacional constante (N x G = cte),medium,8,18,34,3,38600.0,NxG=20x400,20,400,,0.6,0.2,2,True,B,0.5,nogood,8,0.15,min_efi,,,,,20x400,202,1,True,4.455353336598003,171976.63879268293,32400.0,127829.26829268293,11747.3705,0.0,171976.63879268293,0,0.0,0,0.0,15,6,liquido,2.1692411200001516,400,8020,153,247,,2026-09-05T08:18:23,c7ed447d7e
E10_PRESUP,Comparacion a presupuesto computacional constante (N x G = cte),medium,8,18,34,3,38600.0,NxG=20x400,20,400,,0.6,0.2,2,True,B,0.5,nogood,8,0.15,min_efi,,,,,20x400,303,2,True,4.323579150954126,166890.15522682926,26900.0,128292.68292682926,11697.472300000005,0.0,166890.15522682926,0,0.0,0,0.0,16,5,liquido,2.6007800499996847,400,8020,385,15,,2026-09-05T08:18:26,c7ed447d7e
E10_PRESUP,Comparacion a presupuesto computacional constante (N x G = cte),medium,8,18,34,3,38600.0,NxG=20x400,20,400,,0.6,0.2,2,True,B,0.5,nogood,8,0.15,min_efi,,,,,20x400,404,3,True,4.312690655440415,166469.8593,26900.0,128000.0,11569.859300000002,0.0,166469.8593,0,0.0,0,0.0,15,5,liquido,2.7025739509999767,400,8020,177,223,,2026-09-05T08:18:29,c7ed447d7e
E10_PRESUP,Comparacion a presupuesto computacional constante (N x G = cte),medium,8,18,34,3,38600.0,NxG=20x400,20,400,,0.6,0.2,2,True,B,0.5,nogood,8,0.15,min_efi,,,,,20x400,505,4,True,4.457880823012764,172074.1997682927,32400.0,127926.82926829268,11747.370499999997,0.0,172074.1997682927,0,0.0,0,0.0,15,6,liquido,2.29767543700018,400,8020,298,102,,2026-09-05T08:18:31,c7ed447d7e
E10_PRESUP,Comparacion a presupuesto computacional constante (N x G = cte),medium,8,18,34,3,38600.0,NxG=20x400,20,400,,0.6,0.2,2,True,B,0.5,nogood,8,0.15,min_efi,,,,,20x400,606,5,True,4.330968272020725,167175.3753,26900.0,128000.0,12275.375300000002,0.0,167175.3753,0,0.0,0,0.0,15,5,liquido,2.159505151000303,400,8020,376,24,,2026-09-05T08:18:33,c7ed447d7e
E10_PRESUP,Comparacion a presupuesto computacional constante (N x G = cte),medium,8,18,34,3,38600.0,NxG=20x400,20,400,,0.6,0.2,2,True,B,0.5,nogood,8,0.15,min_efi,,,,,20x400,707,6,True,4.457880823012764,172074.1997682927,32400.0,127926.82926829268,11747.370499999999,0.0,172074.1997682927,0,0.0,0,0.0,15,6,liquido,2.2198053840002103,400,8020,160,240,,2026-09-05T08:18:35,c7ed447d7e
E10_PRESUP,Comparacion a presupuesto computacional constante (N x G = cte),medium,8,18,34,3,38600.0,NxG=20x400,20,400,,0.6,0.2,2,True,B,0.5,nogood,8,0.15,min_efi,,,,,20x400,808,7,True,4.490112799714254,173318.3540689702,27200.0,132701.8970189702,13416.45705,0.0,173318.3540689702,0,0.0,0,0.0,14,5,amoniaco|liquido,2.3013002679999772,400,8020,108,292,,2026-09-05T08:18:38,c7ed447d7e
E10_PRESUP,Comparacion a presupuesto computacional constante (N x G = cte),medium,8,18,34,3,38600.0,NxG=20x400,20,400,,0.6,0.2,2,True,B,0.5,nogood,8,0.15,min_efi,,,,,20x400,909,8,True,4.455273274074308,171973.5483792683,32400.0,127682.9268292683,11890.621550000005,0.0,171973.5483792683,0,0.0,0,0.0,16,6,liquido,3.0545489380001527,400,8020,244,156,,2026-09-05T08:18:41,c7ed447d7e
E10_PRESUP,Comparacion a presupuesto computacional constante (N x G = cte),medium,8,18,34,3,38600.0,NxG=20x400,20,400,,0.6,0.2,2,True,B,0.5,nogood,8,0.15,min_efi,,,,,20x400,1010,9,True,4.3148684307468725,166553.92142682927,26900.0,128292.68292682926,11361.238499999998,0.0,166553.92142682927,0,0.0,0,0.0,16,5,liquido,2.163615970999672,400,8020,320,80,,2026-09-05T08:18:43,c7ed447d7e
E10_PRESUP,Comparacion a presupuesto computacional constante (N x G = cte),medium,8,18,34,3,38600.0,NxG=20x400,20,400,,0.6,0.2,2,True,B,0.5,nogood,8,0.15,min_efi,,,,,20x400,1111,10,True,4.459168362504739,172123.89879268294,32400.0,127829.26829268293,11894.6305,0.0,172123.89879268294,0,0.0,0,0.0,15,6,liquido,2.2132523850000325,400,8020,82,318,,2026-09-05T08:18:45,c7ed447d7e
E10_PRESUP,Comparacion a presupuesto computacional constante (N x G = cte),medium,8,18,34,3,38600.0,NxG=20x400,20,400,,0.6,0.2,2,True,B,0.5,nogood,8,0.15,min_efi,,,,,20x400,1212,11,True,4.3148684307468725,166553.92142682927,26900.0,128292.68292682928,11361.238500000001,0.0,166553.92142682927,0,0.0,0,0.0,16,5,liquido,2.22452367599999,400,8020,217,183,,2026-09-05T08:18:47,c7ed447d7e
E10_PRESUP,Comparacion a presupuesto computacional constante (N x G = cte),medium,8,18,34,3,38600.0,NxG=20x400,20,400,,0.6,0.2,2,True,B,0.5,nogood,8,0.15,min_efi,,,,,20x400,1313,12,True,4.455273274074308,171973.5483792683,32400.0,127682.9268292683,11890.62155,0.0,171973.5483792683,0,0.0,0,0.0,16,6,liquido,2.232606534000297,400,8020,277,123,,2026-09-05T08:18:49,c7ed447d7e
E10_PRESUP,Comparacion a presupuesto computacional constante (N x G = cte),medium,8,18,34,3,38600.0,NxG=20x400,20,400,,0.6,0.2,2,True,B,0.5,nogood,8,0.15,min_efi,,,,,20x400,1414,13,True,4.455353336598003,171976.63879268293,32400.0,127829.26829268293,11747.3705,0.0,171976.63879268293,0,0.0,0,0.0,15,6,liquido,3.1857955449995643,400,8020,377,23,,2026-09-05T08:18:53,c7ed447d7e
E10_PRESUP,Comparacion a presupuesto computacional constante (N x G = cte),medium,8,18,34,3,38600.0,NxG=20x400,20,400,,0.6,0.2,2,True,B,0.5,nogood,8,0.15,min_efi,,,,,20x400,1515,14,True,4.457880823012764,172074.1997682927,32400.0,127926.82926829268,11747.370500000003,0.0,172074.1997682927,0,0.0,0,0.0,15,6,liquido,2.215319715000078,400,8020,120,280,,2026-09-05T08:18:55,c7ed447d7e
E10_PRESUP,Comparacion a presupuesto computacional constante (N x G = cte),medium,8,18,34,3,38600.0,NxG=20x400,20,400,,0.6,0.2,2,True,B,0.5,nogood,8,0.15,min_efi,,,,,20x400,1616,15,True,4.415928763395678,170454.85026707317,27200.0,129731.70731707316,13523.14295,0.0,170454.85026707317,0,0.0,0,0.0,16,5,liquido,2.1965663969999696,400,8020,386,14,,2026-09-05T08:18:57,c7ed447d7e
E10_PRESUP,Comparacion a presupuesto computacional constante (N x G = cte),medium,8,18,34,3,38600.0,NxG=20x400,20,400,,0.6,0.2,2,True,B,0.5,nogood,8,0.15,min_efi,,,,,20x400,1717,16,True,4.457880823012764,172074.1997682927,32400.0,127926.82926829268,11747.370500000003,0.0,172074.1997682927,0,0.0,0,0.0,15,6,liquido,2.1638885799998206,400,8020,306,94,,2026-09-05T08:18:59,c7ed447d7e
E10_PRESUP,Comparacion a presupuesto computacional constante (N x G = cte),medium,8,18,34,3,38600.0,NxG=20x400,20,400,,0.6,0.2,2,True,B,0.5,nogood,8,0.15,min_efi,,,,,20x400,1818,17,True,4.414816807058005,170411.928752439,27200.0,129390.24390243902,13821.68485,0.0,170411.928752439,0,0.0,0,0.0,16,5,liquido,2.1701275099999293,400,8020,185,215,,2026-09-05T08:19:01,c7ed447d7e
E10_PRESUP,Comparacion a presupuesto computacional constante (N x G = cte),medium,8,18,34,3,38600.0,NxG=20x400,20,400,,0.6,0.2,2,True,B,0.5,nogood,8,0.15,min_efi,,,,,20x400,1919,18,True,4.457880823012764,172074.1997682927,32400.0,127926.82926829268,11747.370499999999,0.0,172074.1997682927,0,0.0,0,0.0,15,6,liquido,3.014962510999794,400,8020,268,132,,2026-09-05T08:19:04,c7ed447d7e
E10_PRESUP,Comparacion a presupuesto computacional constante (N x G = cte),medium,8,18,34,3,38600.0,NxG=20x400,20,400,,0.6,0.2,2,True,B,0.5,nogood,8,0.15,min_efi,,,,,20x400,2020,19,True,4.3148684307468725,166553.92142682927,26900.0,128292.68292682926,11361.238500000001,0.0,166553.92142682927,0,0.0,0,0.0,16,5,liquido,2.2355316040002435,400,8020,317,83,,2026-09-05T08:19:07,c7ed447d7e
E10_PRESUP,Comparacion a presupuesto computacional constante (N x G = cte),medium,8,18,34,3,38600.0,NxG=40x200,40,200,,0.6,0.2,2,True,B,0.5,nogood,8,0.15,min_efi,,,,,40x200,101,0,True,4.3148684307468725,166553.92142682927,26900.0,128292.68292682928,11361.238500000001,0.0,166553.92142682927,0,0.0,0,0.0,16,5,liquido,2.156563980000101,200,8040,93,107,,2026-09-05T08:19:09,f03f3d2879
E10_PRESUP,Comparacion a presupuesto computacional constante (N x G = cte),medium,8,18,34,3,38600.0,NxG=40x200,40,200,,0.6,0.2,2,True,B,0.5,nogood,8,0.15,min_efi,,,,,40x200,202,1,True,4.3148684307468725,166553.92142682927,26900.0,128292.68292682926,11361.238500000001,0.0,166553.92142682927,0,0.0,0,0.0,16,5,liquido,2.1947831469997254,200,8040,122,78,,2026-09-05T08:19:11,f03f3d2879
E10_PRESUP,Comparacion a presupuesto computacional constante (N x G = cte),medium,8,18,34,3,38600.0,NxG=40x200,40,200,,0.6,0.2,2,True,B,0.5,nogood,8,0.15,min_efi,,,,,40x200,303,2,True,4.34007803626943,167527.0122,26900.0,128000.00000000001,12627.012200000001,0.0,167527.0122,0,0.0,0,0.0,15,5,liquido,2.137265843000023,200,8040,135,65,,2026-09-05T08:19:13,f03f3d2879
E10_PRESUP,Comparacion a presupuesto computacional constante (N x G = cte),medium,8,18,34,3,38600.0,NxG=40x200,40,200,,0.6,0.2,2,True,B,0.5,nogood,8,0.15,min_efi,,,,,40x200,404,3,True,4.408084820011373,170152.074052439,27200.0,129390.24390243903,13561.830150000003,0.0,170152.074052439,0,0.0,0,0.0,16,5,liquido,2.5048995979996107,200,8040,120,80,,2026-09-05T08:19:16,f03f3d2879
E10_PRESUP,Comparacion a presupuesto computacional constante (N x G = cte),medium,8,18,34,3,38600.0,NxG=40x200,40,200,,0.6,0.2,2,True,B,0.5,nogood,8,0.15,min_efi,,,,,40x200,505,4,True,4.457880823012764,172074.1997682927,32400.0,127926.82926829268,11747.370499999999,0.0,172074.1997682927,0,0.0,0,0.0,15,6,liquido,2.753876695999679,200,8040,159,41,,2026-09-05T08:19:18,f03f3d2879
E10_PRESUP,Comparacion a presupuesto computacional constante (N x G = cte),medium,8,18,34,3,38600.0,NxG=40x200,40,200,,0.6,0.2,2,True,B,0.5,nogood,8,0.15,min_efi,,,,,40x200,606,5,True,4.455353336598003,171976.63879268293,32400.0,127829.26829268293,11747.370499999997,0.0,171976.63879268293,0,0.0,0,0.0,15,6,liquido,2.2407880319997275,200,8040,198,2,,2026-09-05T08:19:21,f03f3d2879
E10_PRESUP,Comparacion a presupuesto computacional constante (N x G = cte),medium,8,18,34,3,38600.0,NxG=40x200,40,200,,0.6,0.2,2,True,B,0.5,nogood,8,0.15,min_efi,,,,,40x200,707,6,True,4.34007803626943,167527.0122,26900.0,128000.0,12627.0122,0.0,167527.0122,0,0.0,0,0.0,15,5,liquido,2.154796860999795,200,8040,161,39,,2026-09-05T08:19:23,f03f3d2879
E10_PRESUP,Comparacion a presupuesto computacional constante (N x G = cte),medium,8,18,34,3,38600.0,NxG=40x200,40,200,,0.6,0.2,2,True,B,0.5,nogood,8,0.15,min_efi,,,,,40x200,808,7,True,4.457880823012764,172074.1997682927,32400.0,127926.82926829268,11747.370499999999,0.0,172074.1997682927,0,0.0,0,0.0,15,6,liquido,2.195724118000271,200,8040,128,72,,2026-09-05T08:19:25,f03f3d2879
E10_PRESUP,Comparacion a presupuesto computacional constante (N x G = cte),medium,8,18,34,3,38600.0,NxG=40x200,40,200,,0.6,0.2,2,True,B,0.5,nogood,8,0.15,min_efi,,,,,40x200,909,8,True,4.34007803626943,167527.0122,26900.0,128000.00000000001,12627.0122,0.0,167527.0122,0,0.0,0,0.0,15,5,liquido,2.2492934710003283,200,8040,193,7,,2026-09-05T08:19:27,f03f3d2879
E10_PRESUP,Comparacion a presupuesto computacional constante (N x G = cte),medium,8,18,34,3,38600.0,NxG=40x200,40,200,,0.6,0.2,2,True,B,0.5,nogood,8,0.15,min_efi,,,,,40x200,1010,9,True,4.455273274074307,171973.54837926826,32400.0,127682.92682926828,11890.621549999996,0.0,171973.54837926826,0,0.0,0,0.0,16,6,liquido,3.01074411000036,200,8040,168,32,,2026-09-05T08:19:30,f03f3d2879
E10_PRESUP,Comparacion a presupuesto computacional constante (N x G = cte),medium,8,18,34,3,38600.0,NxG=40x200,40,200,,0.6,0.2,2,True,B,0.5,nogood,8,0.15,min_efi,,,,,40x200,1111,10,True,4.408084820011373,170152.074052439,27200.0,129390.24390243902,13561.830150000002,0.0,170152.074052439,0,0.0,0,0.0,16,5,liquido,2.1944905039999867,200,8040,69,131,,2026-09-05T08:19:32,f03f3d2879
E10_PRESUP,Comparacion a presupuesto computacional constante (N x G = cte),medium,8,18,34,3,38600.0,NxG=40x200,40,200,,0.6,0.2,2,True,B,0.5,nogood,8,0.15,min_efi,,,,,40x200,1212,11,True,4.348567571243523,167854.70825,26900.0,128000.0,12954.708250000001,0.0,167854.70825,0,0.0,0,0.0,15,5,liquido,2.0589563990001807,200,8040,151,49,,2026-09-05T08:19:35,f03f3d2879
E10_PRESUP,Comparacion a presupuesto computacional constante (N x G = cte),medium,8,18,34,3,38600.0,NxG=40x200,40,200,,0.6,0.2,2,True,B,0.5,nogood,8,0.15,min_efi,,,,,40x200,1313,12,True,4.314617530487805,166544.23667682926,26900.0,128292.68292682926,11351.55375,0.0,166544.23667682926,0,0.0,0,0.0,15,5,liquido,2.1029828159998942,200,8040,179,21,,2026-09-05T08:19:37,f03f3d2879
E10_PRESUP,Comparacion a presupuesto computacional constante (N x G = cte),medium,8,18,34,3,38600.0,NxG=40x200,40,200,,0.6,0.2,2,True,B,0.5,nogood,8,0.15,min_efi,,,,,40x200,1414,13,True,4.414816807058005,170411.928752439,27200.0,129390.24390243903,13821.684850000001,0.0,170411.928752439,0,0.0,0,0.0,16,5,liquido,2.1496509120001974,200,8040,107,93,,2026-09-05T08:19:39,f03f3d2879
E10_PRESUP,Comparacion a presupuesto computacional constante (N x G = cte),medium,8,18,34,3,38600.0,NxG=40x200,40,200,,0.6,0.2,2,True,B,0.5,nogood,8,0.15,min_efi,,,,,40x200,1515,14,True,4.457880823012764,172074.1997682927,32400.0,127926.82926829268,11747.3705,0.0,172074.1997682927,0,0.0,0,0.0,15,6,liquido,3.1106945940000514,200,8040,117,83,,2026-09-05T08:19:42,f03f3d2879
E10_PRESUP,Comparacion a presupuesto computacional constante (N x G = cte),medium,8,18,34,3,38600.0,NxG=40x200,40,200,,0.6,0.2,2,True,B,0.5,nogood,8,0.15,min_efi,,,,,40x200,1616,15,True,4.408084820011373,170152.074052439,27200.0,129390.24390243902,13561.83015,0.0,170152.074052439,0,0.0,0,0.0,16,5,liquido,2.1986746879997554,200,8040,124,76,,2026-09-05T08:19:44,f03f3d2879
E10_PRESUP,Comparacion a presupuesto computacional constante (N x G = cte),medium,8,18,34,3,38600.0,NxG=40x200,40,200,,0.6,0.2,2,True,B,0.5,nogood,8,0.15,min_efi,,,,,40x200,1717,16,True,4.3445616023316065,167700.07785,26900.0,128000.00000000001,12800.077849999998,0.0,167700.07785,0,0.0,0,0.0,16,5,liquido,2.148808282000118,200,8040,96,104,,2026-09-05T08:19:46,f03f3d2879
E10_PRESUP,Comparacion a presupuesto computacional constante (N x G = cte),medium,8,18,34,3,38600.0,NxG=40x200,40,200,,0.6,0.2,2,True,B,0.5,nogood,8,0.15,min_efi,,,,,40x200,1818,17,True,4.455353336598003,171976.63879268293,32400.0,127829.26829268293,11747.3705,0.0,171976.63879268293,0,0.0,0,0.0,15,6,liquido,2.1560844220002764,200,8040,167,33,,2026-09-05T08:19:48,f03f3d2879
E10_PRESUP,Comparacion a presupuesto computacional constante (N x G = cte),medium,8,18,34,3,38600.0,NxG=40x200,40,200,,0.6,0.2,2,True,B,0.5,nogood,8,0.15,min_efi,,,,,40x200,1919,18,True,4.455353336598003,171976.63879268293,32400.0,127829.26829268293,11747.370499999999,0.0,171976.63879268293,0,0.0,0,0.0,15,6,liquido,2.2174627059998784,200,8040,198,2,,2026-09-05T08:19:51,f03f3d2879
E10_PRESUP,Comparacion a presupuesto computacional constante (N x G = cte),medium,8,18,34,3,38600.0,NxG=40x200,40,200,,0.6,0.2,2,True,B,0.5,nogood,8,0.15,min_efi,,,,,40x200,2020,19,True,4.34007803626943,167527.0122,26900.0,128000.0,12627.012200000001,0.0,167527.0122,0,0.0,0,0.0,15,5,liquido,2.6913231219996305,200,8040,96,104,,2026-09-05T08:19:53,f03f3d2879
E10_PRESUP,Comparacion a presupuesto computacional constante (N x G = cte),medium,8,18,34,3,38600.0,NxG=80x100,80,100,,0.6,0.2,2,True,B,0.5,nogood,8,0.15,min_efi,,,,,80x100,101,0,True,4.34007803626943,167527.0122,26900.0,128000.0,12627.012200000001,0.0,167527.0122,0,0.0,0,0.0,15,5,liquido,2.6424348670002473,100,8080,82,18,,2026-09-05T08:19:56,dc9fd3cb5f
E10_PRESUP,Comparacion a presupuesto computacional constante (N x G = cte),medium,8,18,34,3,38600.0,NxG=80x100,80,100,,0.6,0.2,2,True,B,0.5,nogood,8,0.15,min_efi,,,,,80x100,202,1,True,4.34007803626943,167527.0122,26900.0,128000.0,12627.0122,0.0,167527.0122,0,0.0,0,0.0,15,5,liquido,2.1724403399998664,100,8080,51,49,,2026-09-05T08:19:58,dc9fd3cb5f
E10_PRESUP,Comparacion a presupuesto computacional constante (N x G = cte),medium,8,18,34,3,38600.0,NxG=80x100,80,100,,0.6,0.2,2,True,B,0.5,nogood,8,0.15,min_efi,,,,,80x100,303,2,True,4.350541569916594,167930.9045987805,26900.0,128804.87804878049,12226.02655,0.0,167930.9045987805,0,0.0,0,0.0,15,5,liquido,2.25836966199995,100,8080,100,0,,2026-09-05T08:20:00,dc9fd3cb5f
E10_PRESUP,Comparacion a presupuesto computacional constante (N x G = cte),medium,8,18,34,3,38600.0,NxG=80x100,80,100,,0.6,0.2,2,True,B,0.5,nogood,8,0.15,min_efi,,,,,80x100,404,3,True,4.348946821243523,167869.3473,26900.0,128000.0,12969.347300000003,0.0,167869.3473,0,0.0,0,0.0,15,5,liquido,2.2743734609998683,100,8080,85,15,,2026-09-05T08:20:03,dc9fd3cb5f
E10_PRESUP,Comparacion a presupuesto computacional constante (N x G = cte),medium,8,18,34,3,38600.0,NxG=80x100,80,100,,0.6,0.2,2,True,B,0.5,nogood,8,0.15,min_efi,,,,,80x100,505,4,True,4.46737725732971,172440.76213292681,32400.0,128268.29268292683,11772.46945,0.0,172440.76213292681,0,0.0,0,0.0,16,6,liquido,2.7716884149999714,100,8080,89,11,,2026-09-05T08:20:05,dc9fd3cb5f
E10_PRESUP,Comparacion a presupuesto computacional constante (N x G = cte),medium,8,18,34,3,38600.0,NxG=80x100,80,100,,0.6,0.2,2,True,B,0.5,nogood,8,0.15,min_efi,,,,,80x100,606,5,True,4.41645317746114,170475.09265,26900.0,128000.0,15575.092649999999,0.0,170475.09265,0,0.0,0,0.0,17,5,liquido,2.845710168000096,100,8080,48,52,,2026-09-05T08:20:08,dc9fd3cb5f
E10_PRESUP,Comparacion a presupuesto computacional constante (N x G = cte),medium,8,18,34,3,38600.0,NxG=80x100,80,100,,0.6,0.2,2,True,B,0.5,nogood,8,0.15,min_efi,,,,,80x100,707,6,True,4.323528875647669,166888.2146,26900.0,128000.0,11988.214600000003,0.0,166888.2146,0,0.0,0,0.0,15,5,liquido,2.152510541999618,100,8080,70,30,,2026-09-05T08:20:10,dc9fd3cb5f
E10_PRESUP,Comparacion a presupuesto computacional constante (N x G = cte),medium,8,18,34,3,38600.0,NxG=80x100,80,100,,0.6,0.2,2,True,B,0.5,nogood,8,0.15,min_efi,,,,,80x100,808,7,True,4.342013634715026,167601.7263,26900.0,128000.0,12701.7263,0.0,167601.7263,0,0.0,0,0.0,16,5,liquido,2.322898645999885,100,8080,83,17,,2026-09-05T08:20:13,dc9fd3cb5f
E10_PRESUP,Comparacion a presupuesto computacional constante (N x G = cte),medium,8,18,34,3,38600.0,NxG=80x100,80,100,,0.6,0.2,2,True,B,0.5,nogood,8,0.15,min_efi,,,,,80x100,909,8,True,4.417946329931758,170532.72833536586,27200.0,129658.53658536586,13674.191750000004,0.0,170532.72833536586,0,0.0,0,0.0,16,5,liquido,2.23389531399971,100,8080,98,2,,2026-09-05T08:20:15,dc9fd3cb5f
E10_PRESUP,Comparacion a presupuesto computacional constante (N x G = cte),medium,8,18,34,3,38600.0,NxG=80x100,80,100,,0.6,0.2,2,True,B,0.5,nogood,8,0.15,min_efi,,,,,80x100,1010,9,True,4.342013634715026,167601.7263,26900.0,128000.0,12701.726300000002,0.0,167601.7263,0,0.0,0,0.0,16,5,liquido,2.5448373459998948,100,8080,95,5,,2026-09-05T08:20:18,dc9fd3cb5f
E10_PRESUP,Comparacion a presupuesto computacional constante (N x G = cte),medium,8,18,34,3,38600.0,NxG=80x100,80,100,,0.6,0.2,2,True,B,0.5,nogood,8,0.15,min_efi,,,,,80x100,1111,10,True,4.455375814577278,171977.50644268293,32400.0,127829.26829268293,11748.238150000001,0.0,171977.50644268293,0,0.0,0,0.0,15,6,liquido,2.892688843999622,100,8080,97,3,,2026-09-05T08:20:20,dc9fd3cb5f
E10_PRESUP,Comparacion a presupuesto computacional constante (N x G = cte),medium,8,18,34,3,38600.0,NxG=80x100,80,100,,0.6,0.2,2,True,B,0.5,nogood,8,0.15,min_efi,,,,,80x100,1212,11,True,4.415485347213446,170437.734402439,27200.0,129390.24390243903,13847.490499999996,0.0,170437.734402439,0,0.0,0,0.0,17,5,liquido,2.283067989999836,100,8080,79,21,,2026-09-05T08:20:23,dc9fd3cb5f
E10_PRESUP,Comparacion a presupuesto computacional constante (N x G = cte),medium,8,18,34,3,38600.0,NxG=80x100,80,100,,0.6,0.2,2,True,B,0.5,nogood,8,0.15,min_efi,,,,,80x100,1313,12,True,4.455353336598003,171976.63879268293,32400.0,127829.26829268293,11747.3705,0.0,171976.63879268293,0,0.0,0,0.0,15,6,liquido,2.3172785070000828,100,8080,77,23,,2026-09-05T08:20:25,dc9fd3cb5f
E10_PRESUP,Comparacion a presupuesto computacional constante (N x G = cte),medium,8,18,34,3,38600.0,NxG=80x100,80,100,,0.6,0.2,2,True,B,0.5,nogood,8,0.15,min_efi,,,,,80x100,1414,13,True,4.34007803626943,167527.0122,26900.0,128000.0,12627.0122,0.0,167527.0122,0,0.0,0,0.0,15,5,liquido,2.1307210439999835,100,8080,52,48,,2026-09-05T08:20:27,dc9fd3cb5f
E10_PRESUP,Comparacion a presupuesto computacional constante (N x G = cte),medium,8,18,34,3,38600.0,NxG=80x100,80,100,,0.6,0.2,2,True,B,0.5,nogood,8,0.15,min_efi,,,,,80x100,1515,14,True,4.350541569916594,167930.9045987805,26900.0,128804.87804878049,12226.026550000002,0.0,167930.9045987805,0,0.0,0,0.0,15,5,liquido,2.41053040900033,100,8080,82,18,,2026-09-05T08:20:30,dc9fd3cb5f
E10_PRESUP,Comparacion a presupuesto computacional constante (N x G = cte),medium,8,18,34,3,38600.0,NxG=80x100,80,100,,0.6,0.2,2,True,B,0.5,nogood,8,0.15,min_efi,,,,,80x100,1616,15,True,4.414816807058005,170411.928752439,27200.0,129390.24390243902,13821.68485,0.0,170411.928752439,0,0.0,0,0.0,16,5,liquido,3.058108858000196,100,8080,97,3,,2026-09-05T08:20:33,dc9fd3cb5f
E10_PRESUP,Comparacion a presupuesto computacional constante (N x G = cte),medium,8,18,34,3,38600.0,NxG=80x100,80,100,,0.6,0.2,2,True,B,0.5,nogood,8,0.15,min_efi,,,,,80x100,1717,16,True,4.34007803626943,167527.0122,26900.0,128000.00000000001,12627.012200000001,0.0,167527.0122,0,0.0,0,0.0,15,5,liquido,2.1747656100001223,100,8080,90,10,,2026-09-05T08:20:35,dc9fd3cb5f
E10_PRESUP,Comparacion a presupuesto computacional constante (N x G = cte),medium,8,18,34,3,38600.0,NxG=80x100,80,100,,0.6,0.2,2,True,B,0.5,nogood,8,0.15,min_efi,,,,,80x100,1818,17,True,4.349039656735751,167872.93075,26900.0,128000.0,12972.93075,0.0,167872.93075,0,0.0,0,0.0,16,5,liquido,2.27295746100026,100,8080,73,27,,2026-09-05T08:20:37,dc9fd3cb5f
E10_PRESUP,Comparacion a presupuesto computacional constante (N x G = cte),medium,8,18,34,3,38600.0,NxG=80x100,80,100,,0.6,0.2,2,True,B,0.5,nogood,8,0.15,min_efi,,,,,80x100,1919,18,True,4.353145708517629,168031.42434878048,26900.0,128804.87804878049,12326.546299999998,0.0,168031.42434878048,0,0.0,0,0.0,17,5,liquido,2.2906582089999574,100,8080,75,25,,2026-09-05T08:20:39,dc9fd3cb5f
E10_PRESUP,Comparacion a presupuesto computacional constante (N x G = cte),medium,8,18,34,3,38600.0,NxG=80x100,80,100,,0.6,0.2,2,True,B,0.5,nogood,8,0.15,min_efi,,,,,80x100,2020,19,True,4.348946821243523,167869.3473,26900.0,128000.0,12969.3473,0.0,167869.3473,0,0.0,0,0.0,15,5,liquido,2.089504007999949,100,8080,54,46,,2026-09-05T08:20:42,dc9fd3cb5f
E10_PRESUP,Comparacion a presupuesto computacional constante (N x G = cte),medium,8,18,34,3,38600.0,NxG=160x50,160,50,,0.6,0.2,2,True,B,0.5,nogood,8,0.15,min_efi,,,,,160x50,101,0,True,4.471415717016302,172596.64667682926,32400.0,128292.68292682928,11903.963750000004,0.0,172596.64667682926,0,0.0,0,0.0,16,6,liquido,3.0088074529999176,50,8160,50,0,,2026-09-05T08:20:45,16d11017c0
E10_PRESUP,Comparacion a presupuesto computacional constante (N x G = cte),medium,8,18,34,3,38600.0,NxG=160x50,160,50,,0.6,0.2,2,True,B,0.5,nogood,8,0.15,min_efi,,,,,160x50,202,1,True,4.40905506697839,170189.52558536586,27200.0,129658.53658536586,13330.989000000001,0.0,170189.52558536586,0,0.0,0,0.0,16,5,liquido,2.204051206999793,50,8160,41,9,,2026-09-05T08:20:47,16d11017c0
E10_PRESUP,Comparacion a presupuesto computacional constante (N x G = cte),medium,8,18,34,3,38600.0,NxG=160x50,160,50,,0.6,0.2,2,True,B,0.5,nogood,8,0.15,min_efi,,,,,160x50,303,2,True,4.472371612852268,172633.54425609755,32400.0,128975.60975609756,11257.934499999998,0.0,172633.54425609755,0,0.0,0,0.0,17,6,liquido,2.2506546429999617,50,8160,44,6,,2026-09-05T08:20:49,16d11017c0
E10_PRESUP,Comparacion a presupuesto computacional constante (N x G = cte),medium,8,18,34,3,38600.0,NxG=160x50,160,50,,0.6,0.2,2,True,B,0.5,nogood,8,0.15,min_efi,,,,,160x50,404,3,True,4.366221712596711,168536.15810623305,26900.0,129080.62330623306,12555.534799999998,0.0,168536.15810623305,0,0.0,0,0.0,16,5,amoniaco|liquido,2.136864113000229,50,8160,45,5,,2026-09-05T08:20:51,16d11017c0
E10_PRESUP,Comparacion a presupuesto computacional constante (N x G = cte),medium,8,18,34,3,38600.0,NxG=160x50,160,50,,0.6,0.2,2,True,B,0.5,nogood,8,0.15,min_efi,,,,,160x50,505,4,True,4.47422034689751,172704.9053902439,27200.0,129439.0243902439,16065.881000000001,0.0,172704.9053902439,0,0.0,0,0.0,16,5,liquido,2.167028701000163,50,8160,48,2,,2026-09-05T08:20:53,16d11017c0
E10_PRESUP,Comparacion a presupuesto computacional constante (N x G = cte),medium,8,18,34,3,38600.0,NxG=160x50,160,50,,0.6,0.2,2,True,B,0.5,nogood,8,0.15,min_efi,,,,,160x50,606,5,True,4.349039656735751,167872.93075,26900.0,128000.0,12972.930750000001,0.0,167872.93075,0,0.0,0,0.0,16,5,liquido,2.918844962000094,50,8160,50,0,,2026-09-05T08:20:56,16d11017c0
E10_PRESUP,Comparacion a presupuesto computacional constante (N x G = cte),medium,8,18,34,3,38600.0,NxG=160x50,160,50,,0.6,0.2,2,True,B,0.5,nogood,8,0.15,min_efi,,,,,160x50,707,6,True,4.457435539902692,172057.0118402439,32400.0,128439.02439024391,11217.987449999999,0.0,172057.0118402439,0,0.0,0,0.0,15,6,liquido,2.289422399999694,50,8160,50,0,,2026-09-05T08:20:59,16d11017c0
E10_PRESUP,Comparacion a presupuesto computacional constante (N x G = cte),medium,8,18,34,3,38600.0,NxG=160x50,160,50,,0.6,0.2,2,True,B,0.5,nogood,8,0.15,min_efi,,,,,160x50,808,7,True,4.471703072696828,172607.73860609756,32400.0,128975.60975609756,11232.128850000003,0.0,172607.73860609756,0,0.0,0,0.0,16,6,liquido,2.2188428549998207,50,8160,45,5,,2026-09-05T08:21:01,16d11017c0
E10_PRESUP,Comparacion a presupuesto computacional constante (N x G = cte),medium,8,18,34,3,38600.0,NxG=160x50,160,50,,0.6,0.2,2,True,B,0.5,nogood,8,0.15,min_efi,,,,,160x50,909,8,True,4.47757847829521,172834.5292621951,32400.0,127951.21951219512,12483.309749999999,0.0,172834.5292621951,0,0.0,0,0.0,17,6,liquido,2.3040242480001325,50,8160,34,16,,2026-09-05T08:21:03,16d11017c0
E10_PRESUP,Comparacion a presupuesto computacional constante (N x G = cte),medium,8,18,34,3,38600.0,NxG=160x50,160,50,,0.6,0.2,2,True,B,0.5,nogood,8,0.15,min_efi,,,,,160x50,1010,9,True,4.462567164918489,172255.09256585367,32400.0,128536.58536585367,11318.5072,0.0,172255.09256585367,0,0.0,0,0.0,17,6,liquido,2.212876886000231,50,8160,43,7,,2026-09-05T08:21:05,16d11017c0
E10_PRESUP,Comparacion a presupuesto computacional constante (N x G = cte),medium,8,18,34,3,38600.0,NxG=160x50,160,50,,0.6,0.2,2,True,B,0.5,nogood,8,0.15,min_efi,,,,,160x50,1111,10,True,4.478582489858462,172873.2841085366,32400.0,128365.8536585366,12107.430450000003,0.0,172873.2841085366,0,0.0,0,0.0,17,6,liquido,2.843466878000072,50,8160,48,2,,2026-09-05T08:21:08,16d11017c0
E10_PRESUP,Comparacion a presupuesto computacional constante (N x G = cte),medium,8,18,34,3,38600.0,NxG=160x50,160,50,,0.6,0.2,2,True,B,0.5,nogood,8,0.15,min_efi,,,,,160x50,1212,11,True,4.368083859124226,168608.03696219512,26900.0,128951.21951219512,12756.817450000002,0.0,168608.03696219512,0,0.0,0,0.0,16,5,liquido,2.6462998160000097,50,8160,50,0,,2026-09-05T08:21:11,16d11017c0
E10_PRESUP,Comparacion a presupuesto computacional constante (N x G = cte),medium,8,18,34,3,38600.0,NxG=160x50,160,50,,0.6,0.2,2,True,B,0.5,nogood,8,0.15,min_efi,,,,,160x50,1313,12,True,4.471703072696828,172607.73860609756,32400.0,128975.60975609756,11232.128850000001,0.0,172607.73860609756,0,0.0,0,0.0,16,6,liquido,2.2160786059998827,50,8160,47,3,,2026-09-05T08:21:13,16d11017c0
E10_PRESUP,Comparacion a presupuesto computacional constante (N x G = cte),medium,8,18,34,3,38600.0,NxG=160x50,160,50,,0.6,0.2,2,True,B,0.5,nogood,8,0.15,min_efi,,,,,160x50,1414,13,True,4.396372779761152,169699.98929878048,26900.0,128804.87804878049,13995.11125,0.0,169699.98929878048,0,0.0,0,0.0,17,5,liquido,2.1824426989996937,50,8160,50,0,,2026-09-05T08:21:15,16d11017c0
E10_PRESUP,Comparacion a presupuesto computacional constante (N x G = cte),medium,8,18,34,3,38600.0,NxG=160x50,160,50,,0.6,0.2,2,True,B,0.5,nogood,8,0.15,min_efi,,,,,160x50,1515,14,True,4.46962086939214,172527.3655585366,32400.0,128365.8536585366,11761.511900000001,0.0,172527.3655585366,0,0.0,0,0.0,16,6,liquido,2.2608886030002395,50,8160,44,6,,2026-09-05T08:21:17,16d11017c0
E10_PRESUP,Comparacion a presupuesto computacional constante (N x G = cte),medium,8,18,34,3,38600.0,NxG=160x50,160,50,,0.6,0.2,2,True,B,0.5,nogood,8,0.15,min_efi,,,,,160x50,1616,15,True,4.458992779350436,172117.12128292682,32400.0,128268.29268292683,11448.8286,0.0,172117.12128292682,0,0.0,0,0.0,15,6,liquido,2.714962241000194,50,8160,43,7,,2026-09-05T08:21:20,16d11017c0
E10_PRESUP,Comparacion a presupuesto computacional constante (N x G = cte),medium,8,18,34,3,38600.0,NxG=160x50,160,50,,0.6,0.2,2,True,B,0.5,nogood,8,0.15,min_efi,,,,,160x50,1717,16,True,4.459963026317452,172154.57281585367,32400.0,128536.58536585367,11217.987449999999,0.0,172154.57281585367,0,0.0,0,0.0,15,6,liquido,2.7376758679997693,50,8160,50,0,,2026-09-05T08:21:23,16d11017c0
E10_PRESUP,Comparacion a presupuesto computacional constante (N x G = cte),medium,8,18,34,3,38600.0,NxG=160x50,160,50,,0.6,0.2,2,True,B,0.5,nogood,8,0.15,min_efi,,,,,160x50,1818,17,True,4.4874529817880555,173215.68509701896,32400.0,130189.70189701897,10625.9832,0.0,173215.68509701896,0,0.0,0,0.0,15,6,amoniaco|liquido,2.2035974169998553,50,8160,44,6,,2026-09-05T08:21:25,16d11017c0
E10_PRESUP,Comparacion a presupuesto computacional constante (N x G = cte),medium,8,18,34,3,38600.0,NxG=160x50,160,50,,0.6,0.2,2,True,B,0.5,nogood,8,0.15,min_efi,,,,,160x50,1919,18,True,4.342013634715026,167601.7263,26900.0,128000.0,12701.726300000002,0.0,167601.7263,0,0.0,0,0.0,16,5,liquido,2.2030398469996726,50,8160,40,10,,2026-09-05T08:21:27,16d11017c0
E10_PRESUP,Comparacion a presupuesto computacional constante (N x G = cte),medium,8,18,34,3,38600.0,NxG=160x50,160,50,,0.6,0.2,2,True,B,0.5,nogood,8,0.15,min_efi,,,,,160x50,2020,19,True,4.351210110072033,167956.7102487805,26900.0,128804.87804878049,12251.8322,0.0,167956.7102487805,0,0.0,0,0.0,16,5,liquido,2.2273580949999996,50,8160,49,1,,2026-09-05T08:21:30,16d11017c0
E10_PRESUP,Comparacion a presupuesto computacional constante (N x G = cte),large,12,30,55,3,53000.0,NxG=20x400,20,400,,0.6,0.2,2,True,B,0.5,nogood,8,0.15,min_efi,,,,,20x400,101,0,True,4.482695965004858,237582.88614525745,39000.0,183574.52574525744,15008.360400000001,0.0,237582.88614525745,0,0.0,0,0.0,21,7,amoniaco|liquido,4.04222456799971,400,8020,344,56,,2026-09-05T08:21:34,c7ed447d7e
E10_PRESUP,Comparacion a presupuesto computacional constante (N x G = cte),large,12,30,55,3,53000.0,NxG=20x400,20,400,,0.6,0.2,2,True,B,0.5,nogood,8,0.15,min_efi,,,,,20x400,202,1,True,4.508639433732167,238957.88998780487,44200.0,180048.78048780488,14709.109500000002,0.0,238957.88998780487,0,0.0,0,0.0,22,8,liquido,3.4328517539997847,400,8020,139,261,,2026-09-05T08:21:37,c7ed447d7e
E10_PRESUP,Comparacion a presupuesto computacional constante (N x G = cte),large,12,30,55,3,53000.0,NxG=20x400,20,400,,0.6,0.2,2,True,B,0.5,nogood,8,0.15,min_efi,,,,,20x400,303,2,True,4.557586677869816,241552.09392710024,44500.0,184002.71002710026,13049.383899999999,0.0,241552.09392710024,0,0.0,0,0.0,21,8,amoniaco|liquido,3.295797997000136,400,8020,260,140,,2026-09-05T08:21:40,c7ed447d7e
E10_PRESUP,Comparacion a presupuesto computacional constante (N x G = cte),large,12,30,55,3,53000.0,NxG=20x400,20,400,,0.6,0.2,2,True,B,0.5,nogood,8,0.15,min_efi,,,,,20x400,404,3,True,4.54700258150023,240991.1368195122,50000.0,179121.9512195122,11869.185599999997,0.0,240991.1368195122,0,0.0,0,0.0,23,9,liquido,3.413517395999861,400,8020,374,26,,2026-09-05T08:21:44,c7ed447d7e
E10_PRESUP,Comparacion a presupuesto computacional constante (N x G = cte),large,12,30,55,3,53000.0,NxG=20x400,20,400,,0.6,0.2,2,True,B,0.5,nogood,8,0.15,min_efi,,,,,20x400,505,4,True,4.4515986209848135,235934.72691219512,44200.0,178951.21951219512,12783.5074,0.0,235934.72691219512,0,0.0,0,0.0,22,8,liquido,4.320485403000021,400,8020,310,90,,2026-09-05T08:21:48,c7ed447d7e
E10_PRESUP,Comparacion a presupuesto computacional constante (N x G = cte),large,12,30,55,3,53000.0,NxG=20x400,20,400,,0.6,0.2,2,True,B,0.5,nogood,8,0.15,min_efi,,,,,20x400,606,5,True,4.461849780441786,236478.03836341464,44200.0,180146.34146341463,12131.696899999999,0.0,236478.03836341464,0,0.0,0,0.0,23,8,liquido,3.4103159660003257,400,8020,330,70,,2026-09-05T08:21:51,c7ed447d7e
E10_PRESUP,Comparacion a presupuesto computacional constante (N x G = cte),large,12,30,55,3,53000.0,NxG=20x400,20,400,,0.6,0.2,2,True,B,0.5,nogood,8,0.15,min_efi,,,,,20x400,707,6,True,4.5332392834330415,240261.68202195122,50000.0,178512.19512195123,11749.486899999998,0.0,240261.68202195122,0,0.0,0,0.0,22,9,liquido,3.4092930659999183,400,8020,379,21,,2026-09-05T08:21:55,c7ed447d7e
E10_PRESUP,Comparacion a presupuesto computacional constante (N x G = cte),large,12,30,55,3,53000.0,NxG=20x400,20,400,,0.6,0.2,2,True,B,0.5,nogood,8,0.15,min_efi,,,,,20x400,808,7,True,4.453309501472618,236025.40357804878,39000.0,181487.80487804877,15537.5987,0.0,236025.40357804878,0,0.0,0,0.0,21,7,liquido,4.374729697000021,400,8020,400,0,,2026-09-05T08:21:59,c7ed447d7e
E10_PRESUP,Comparacion a presupuesto computacional constante (N x G = cte),large,12,30,55,3,53000.0,NxG=20x400,20,400,,0.6,0.2,2,True,B,0.5,nogood,8,0.15,min_efi,,,,,20x400,909,8,True,4.455939340082835,236164.78502439024,38700.0,179902.43902439025,17562.345999999998,0.0,236164.78502439024,0,0.0,0,0.0,21,7,liquido,3.43611051400012,400,8020,340,60,,2026-09-05T08:22:03,c7ed447d7e
E10_PRESUP,Comparacion a presupuesto computacional constante (N x G = cte),large,12,30,55,3,53000.0,NxG=20x400,20,400,,0.6,0.2,2,True,B,0.5,nogood,8,0.15,min_efi,,,,,20x400,1010,9,True,4.431623301035435,234876.03495487804,33000.0,179780.48780487804,22095.547150000002,0.0,234876.03495487804,0,0.0,0,0.0,22,6,liquido,3.562765892999778,400,8020,388,12,,2026-09-05T08:22:06,c7ed447d7e
E10_PRESUP,Comparacion a presupuesto computacional constante (N x G = cte),large,12,30,55,3,53000.0,NxG=20x400,20,400,,0.6,0.2,2,True,B,0.5,nogood,8,0.15,min_efi,,,,,20x400,1111,10,True,4.453300355591348,236024.91884634146,44200.0,179414.63414634147,12410.284699999998,0.0,236024.91884634146,0,0.0,0,0.0,22,8,liquido,4.285081195000203,400,8020,369,31,,2026-09-05T08:22:11,c7ed447d7e
E10_PRESUP,Comparacion a presupuesto computacional constante (N x G = cte),large,12,30,55,3,53000.0,NxG=20x400,20,400,,0.6,0.2,2,True,B,0.5,nogood,8,0.15,min_efi,,,,,20x400,1212,11,True,4.447590418292683,235722.2921695122,44200.0,179121.9512195122,12400.340949999998,0.0,235722.2921695122,0,0.0,0,0.0,24,8,liquido,3.9304414680000264,400,8020,348,52,,2026-09-05T08:22:15,c7ed447d7e
E10_PRESUP,Comparacion a presupuesto computacional constante (N x G = cte),large,12,30,55,3,53000.0,NxG=20x400,20,400,,0.6,0.2,2,True,B,0.5,nogood,8,0.15,min_efi,,,,,20x400,1313,12,True,4.49553214173953,238263.20351219512,44200.0,178951.21951219512,15111.984000000002,0.0,238263.20351219512,0,0.0,0,0.0,22,8,liquido,3.4086766860000353,400,8020,392,8,,2026-09-05T08:22:18,c7ed447d7e
E10_PRESUP,Comparacion a presupuesto computacional constante (N x G = cte),large,12,30,55,3,53000.0,NxG=20x400,20,400,,0.6,0.2,2,True,B,0.5,nogood,8,0.15,min_efi,,,,,20x400,1414,13,True,4.4380300539116435,235215.5928573171,43700.0,177170.73170731709,14344.86115,0.0,235215.5928573171,0,0.0,0,0.0,23,8,liquido,3.7514010939999025,400,8020,393,7,,2026-09-05T08:22:22,c7ed447d7e
E10_PRESUP,Comparacion a presupuesto computacional constante (N x G = cte),large,12,30,55,3,53000.0,NxG=20x400,20,400,,0.6,0.2,2,True,B,0.5,nogood,8,0.15,min_efi,,,,,20x400,1515,14,True,4.470366231500231,236929.4102695122,39000.0,181121.9512195122,16807.459049999998,0.0,236929.4102695122,0,0.0,0,0.0,23,7,liquido,4.193495993999932,400,8020,394,6,,2026-09-05T08:22:26,c7ed447d7e
E10_PRESUP,Comparacion a presupuesto computacional constante (N x G = cte),large,12,30,55,3,53000.0,NxG=20x400,20,400,,0.6,0.2,2,True,B,0.5,nogood,8,0.15,min_efi,,,,,20x400,1616,15,True,4.47031986024697,236926.9525930894,38700.0,181894.30894308942,16332.643649999996,0.0,236926.9525930894,0,0.0,0,0.0,21,7,amoniaco|liquido,3.4283139640001536,400,8020,364,36,,2026-09-05T08:22:29,c7ed447d7e
E10_PRESUP,Comparacion a presupuesto computacional constante (N x G = cte),large,12,30,55,3,53000.0,NxG=20x400,20,400,,0.6,0.2,2,True,B,0.5,nogood,8,0.15,min_efi,,,,,20x400,1717,16,True,4.538139634836631,240521.40064634147,44500.0,180414.63414634147,15606.766500000002,0.0,240521.40064634147,0,0.0,0,0.0,22,8,liquido,3.4329533439999977,400,8020,337,63,,2026-09-05T08:22:33,c7ed447d7e
E10_PRESUP,Comparacion a presupuesto computacional constante (N x G = cte),large,12,30,55,3,53000.0,NxG=20x400,20,400,,0.6,0.2,2,True,B,0.5,nogood,8,0.15,min_efi,,,,,20x400,1818,17,True,4.464731610469397,236630.77535487807,39000.0,181780.48780487807,15850.287550000003,0.0,236630.77535487807,0,0.0,0,0.0,22,7,liquido,4.294407206999949,400,8020,395,5,,2026-09-05T08:22:37,c7ed447d7e
E10_PRESUP,Comparacion a presupuesto computacional constante (N x G = cte),large,12,30,55,3,53000.0,NxG=20x400,20,400,,0.6,0.2,2,True,B,0.5,nogood,8,0.15,min_efi,,,,,20x400,1919,18,True,4.466220325287621,236709.67724024388,43900.0,177439.0243902439,15370.652849999999,0.0,236709.67724024388,0,0.0,0,0.0,22,8,liquido,3.5015740859998914,400,8020,392,8,,2026-09-05T08:22:41,c7ed447d7e
E10_PRESUP,Comparacion a presupuesto computacional constante (N x G = cte),large,12,30,55,3,53000.0,NxG=20x400,20,400,,0.6,0.2,2,True,B,0.5,nogood,8,0.15,min_efi,,,,,20x400,2020,19,True,4.464025556005522,236593.35446829267,39000.0,181926.82926829267,15666.5252,0.0,236593.35446829267,0,0.0,0,0.0,22,7,liquido,3.328772012999707,400,8020,356,44,,2026-09-05T08:22:44,c7ed447d7e
E10_PRESUP,Comparacion a presupuesto computacional constante (N x G = cte),large,12,30,55,3,53000.0,NxG=40x200,40,200,,0.6,0.2,2,True,B,0.5,nogood,8,0.15,min_efi,,,,,40x200,101,0,True,4.560225037590121,241691.92699227642,44500.0,181764.2276422764,15427.69935,0.0,241691.92699227642,0,0.0,0,0.0,23,8,amoniaco|liquido,3.827394206000008,200,8040,189,11,,2026-09-05T08:22:48,f03f3d2879
E10_PRESUP,Comparacion a presupuesto computacional constante (N x G = cte),large,12,30,55,3,53000.0,NxG=40x200,40,200,,0.6,0.2,2,True,B,0.5,nogood,8,0.15,min_efi,,,,,40x200,202,1,True,4.475879307800276,237221.6033134146,44200.0,180146.34146341463,12875.261849999995,0.0,237221.6033134146,0,0.0,0,0.0,23,8,liquido,3.904449868000029,200,8040,189,11,,2026-09-05T08:22:52,f03f3d2879
E10_PRESUP,Comparacion a presupuesto computacional constante (N x G = cte),large,12,30,55,3,53000.0,NxG=40x200,40,200,,0.6,0.2,2,True,B,0.5,nogood,8,0.15,min_efi,,,,,40x200,303,2,True,4.4876818731707315,237847.13927804877,39000.0,181487.80487804877,17359.334400000003,0.0,237847.13927804877,0,0.0,0,0.0,23,7,liquido,3.431774442999995,200,8040,196,4,,2026-09-05T08:22:55,f03f3d2879
E10_PRESUP,Comparacion a presupuesto computacional constante (N x G = cte),large,12,30,55,3,53000.0,NxG=40x200,40,200,,0.6,0.2,2,True,B,0.5,nogood,8,0.15,min_efi,,,,,40x200,404,3,True,4.444920518798896,235580.78749634148,44200.0,179414.63414634147,11966.153350000002,0.0,235580.78749634148,0,0.0,0,0.0,22,8,liquido,3.3643032590002804,200,8040,199,1,,2026-09-05T08:22:58,f03f3d2879
E10_PRESUP,Comparacion a presupuesto computacional constante (N x G = cte),large,12,30,55,3,53000.0,NxG=40x200,40,200,,0.6,0.2,2,True,B,0.5,nogood,8,0.15,min_efi,,,,,40x200,505,4,True,4.506778745237,238859.273497561,39000.0,181609.75609756098,18249.517399999997,0.0,238859.273497561,0,0.0,0,0.0,23,7,liquido,4.3226821680000285,200,8040,193,7,,2026-09-05T08:23:03,f03f3d2879
E10_PRESUP,Comparacion a presupuesto computacional constante (N x G = cte),large,12,30,55,3,53000.0,NxG=40x200,40,200,,0.6,0.2,2,True,B,0.5,nogood,8,0.15,min_efi,,,,,40x200,606,5,True,4.4654868554072715,236670.80333658538,39000.0,181853.65853658537,15817.1448,0.0,236670.80333658538,0,0.0,0,0.0,20,7,liquido,3.3088701339997897,200,8040,200,0,,2026-09-05T08:23:06,f03f3d2879
E10_PRESUP,Comparacion a presupuesto computacional constante (N x G = cte),large,12,30,55,3,53000.0,NxG=40x200,40,200,,0.6,0.2,2,True,B,0.5,nogood,8,0.15,min_efi,,,,,40x200,707,6,True,4.490031851541647,237971.6881317073,44200.0,180073.17073170733,13698.517399999997,0.0,237971.6881317073,0,0.0,0,0.0,22,8,liquido,3.4892653669999163,200,8040,141,59,,2026-09-05T08:23:10,f03f3d2879
E10_PRESUP,Comparacion a presupuesto computacional constante (N x G = cte),large,12,30,55,3,53000.0,NxG=40x200,40,200,,0.6,0.2,2,True,B,0.5,nogood,8,0.15,min_efi,,,,,40x200,808,7,True,4.556868155023777,241514.01221626016,44500.0,182601.62601626015,14412.386199999995,0.0,241514.01221626016,0,0.0,0,0.0,22,8,amoniaco|liquido,4.23568506599986,200,8040,127,73,,2026-09-05T08:23:14,f03f3d2879
E10_PRESUP,Comparacion a presupuesto computacional constante (N x G = cte),large,12,30,55,3,53000.0,NxG=40x200,40,200,,0.6,0.2,2,True,B,0.5,nogood,8,0.15,min_efi,,,,,40x200,909,8,True,4.475797156672802,237217.24930365852,44200.0,180585.36585365853,12431.883450000005,0.0,237217.24930365852,0,0.0,0,0.0,22,8,liquido,3.342633110999941,200,8040,185,15,,2026-09-05T08:23:17,f03f3d2879
E10_PRESUP,Comparacion a presupuesto computacional constante (N x G = cte),large,12,30,55,3,53000.0,NxG=40x200,40,200,,0.6,0.2,2,True,B,0.5,nogood,8,0.15,min_efi,,,,,40x200,1010,9,True,4.423591359042798,234450.3420292683,38400.0,178682.92682926828,17367.415200000007,0.0,234450.3420292683,0,0.0,0,0.0,23,7,liquido,3.3014820849998614,200,8040,196,4,,2026-09-05T08:23:20,f03f3d2879
E10_PRESUP,Comparacion a presupuesto computacional constante (N x G = cte),large,12,30,55,3,53000.0,NxG=40x200,40,200,,0.6,0.2,2,True,B,0.5,nogood,8,0.15,min_efi,,,,,40x200,1111,10,True,4.587180288385233,243120.55528441735,44500.0,185173.44173441734,13447.11355,0.0,243120.55528441735,0,0.0,0,0.0,20,8,amoniaco|liquido,3.3357332109999334,200,8040,179,21,,2026-09-05T08:23:24,f03f3d2879
E10_PRESUP,Comparacion a presupuesto computacional constante (N x G = cte),large,12,30,55,3,53000.0,NxG=40x200,40,200,,0.6,0.2,2,True,B,0.5,nogood,8,0.15,min_efi,,,,,40x200,1212,11,True,4.623791666589967,245060.95832926827,50000.0,178682.92682926828,16378.031499999997,0.0,245060.95832926827,0,0.0,0,0.0,22,9,liquido,4.182242910999776,200,8040,172,28,,2026-09-05T08:23:28,f03f3d2879
E10_PRESUP,Comparacion a presupuesto computacional constante (N x G = cte),large,12,30,55,3,53000.0,NxG=40x200,40,200,,0.6,0.2,2,True,B,0.5,nogood,8,0.15,min_efi,,,,,40x200,1313,12,True,4.555534404302807,241443.32342804878,50000.0,178487.80487804877,12955.518550000003,0.0,241443.32342804878,0,0.0,0,0.0,22,9,liquido,3.335254791999887,200,8040,157,43,,2026-09-05T08:23:31,f03f3d2879
E10_PRESUP,Comparacion a presupuesto computacional constante (N x G = cte),large,12,30,55,3,53000.0,NxG=40x200,40,200,,0.6,0.2,2,True,B,0.5,nogood,8,0.15,min_efi,,,,,40x200,1414,13,True,4.440173498320294,235329.1954109756,44200.0,178756.0975609756,12373.09785,0.0,235329.1954109756,0,0.0,0,0.0,24,8,liquido,3.430863423000119,200,8040,197,3,,2026-09-05T08:23:35,f03f3d2879
E10_PRESUP,Comparacion a presupuesto computacional constante (N x G = cte),large,12,30,55,3,53000.0,NxG=40x200,40,200,,0.6,0.2,2,True,B,0.5,nogood,8,0.15,min_efi,,,,,40x200,1515,14,True,4.550344326161988,241168.24928658537,50000.0,179853.65853658537,11314.590750000001,0.0,241168.24928658537,0,0.0,0,0.0,24,9,liquido,4.463713364000341,200,8040,132,68,,2026-09-05T08:23:39,f03f3d2879
E10_PRESUP,Comparacion a presupuesto computacional constante (N x G = cte),large,12,30,55,3,53000.0,NxG=40x200,40,200,,0.6,0.2,2,True,B,0.5,nogood,8,0.15,min_efi,,,,,40x200,1616,15,True,4.458521735158767,236301.65196341462,44200.0,180146.34146341463,11955.3105,0.0,236301.65196341462,0,0.0,0,0.0,22,8,liquido,3.3647623490001024,200,8040,187,13,,2026-09-05T08:23:43,f03f3d2879
E10_PRESUP,Comparacion a presupuesto computacional constante (N x G = cte),large,12,30,55,3,53000.0,NxG=40x200,40,200,,0.6,0.2,2,True,B,0.5,nogood,8,0.15,min_efi,,,,,40x200,1717,16,True,4.5567872831620395,241509.7260075881,44500.0,183880.75880758808,13128.967200000005,0.0,241509.7260075881,0,0.0,0,0.0,21,8,amoniaco|liquido,3.260638749000009,200,8040,199,1,,2026-09-05T08:23:46,f03f3d2879
E10_PRESUP,Comparacion a presupuesto computacional constante (N x G = cte),large,12,30,55,3,53000.0,NxG=40x200,40,200,,0.6,0.2,2,True,B,0.5,nogood,8,0.15,min_efi,,,,,40x200,1818,17,True,4.583835596783761,242943.2866295393,44500.0,183392.9539295393,15050.332700000003,0.0,242943.2866295393,0,0.0,0,0.0,19,8,amoniaco|liquido,3.461514571000407,200,8040,148,52,,2026-09-05T08:23:49,f03f3d2879
E10_PRESUP,Comparacion a presupuesto computacional constante (N x G = cte),large,12,30,55,3,53000.0,NxG=40x200,40,200,,0.6,0.2,2,True,B,0.5,nogood,8,0.15,min_efi,,,,,40x200,1919,18,True,4.461384122572481,236453.35849634148,44200.0,179414.63414634147,12838.724350000002,0.0,236453.35849634148,0,0.0,0,0.0,23,8,liquido,4.0650880719999805,200,8040,138,62,,2026-09-05T08:23:53,f03f3d2879
E10_PRESUP,Comparacion a presupuesto computacional constante (N x G = cte),large,12,30,55,3,53000.0,NxG=40x200,40,200,,0.6,0.2,2,True,B,0.5,nogood,8,0.15,min_efi,,,,,40x200,2020,19,True,4.475195505982512,237185.36181707316,38700.0,180731.70731707316,17753.654500000004,0.0,237185.36181707316,0,0.0,0,0.0,22,7,liquido,3.279558206999809,200,8040,198,2,,2026-09-05T08:23:57,f03f3d2879
E10_PRESUP,Comparacion a presupuesto computacional constante (N x G = cte),large,12,30,55,3,53000.0,NxG=80x100,80,100,,0.6,0.2,2,True,B,0.5,nogood,8,0.15,min_efi,,,,,80x100,101,0,True,4.467992338932351,236803.59396341463,44200.0,180146.34146341463,12457.2525,0.0,236803.59396341463,0,0.0,0,0.0,22,8,liquido,3.536282982999637,100,8080,96,4,,2026-09-05T08:24:00,dc9fd3cb5f
E10_PRESUP,Comparacion a presupuesto computacional constante (N x G = cte),large,12,30,55,3,53000.0,NxG=80x100,80,100,,0.6,0.2,2,True,B,0.5,nogood,8,0.15,min_efi,,,,,80x100,202,1,True,4.55697848492867,241519.8597012195,44200.0,180195.1219512195,17124.73775,0.0,241519.8597012195,0,0.0,0,0.0,24,8,liquido,4.17272610200007,100,8080,94,6,,2026-09-05T08:24:04,dc9fd3cb5f
E10_PRESUP,Comparacion a presupuesto computacional constante (N x G = cte),large,12,30,55,3,53000.0,NxG=80x100,80,100,,0.6,0.2,2,True,B,0.5,nogood,8,0.15,min_efi,,,,,80x100,303,2,True,4.568591280700005,242135.33787710028,44500.0,184002.7100271003,13632.627850000004,0.0,242135.33787710028,0,0.0,0,0.0,24,8,amoniaco|liquido,3.3621594090000144,100,8080,94,6,,2026-09-05T08:24:08,dc9fd3cb5f
E10_PRESUP,Comparacion a presupuesto computacional constante (N x G = cte),large,12,30,55,3,53000.0,NxG=80x100,80,100,,0.6,0.2,2,True,B,0.5,nogood,8,0.15,min_efi,,,,,80x100,404,3,True,4.5965186733062335,243615.48968523036,44500.0,185303.52303523035,13811.966650000002,0.0,243615.48968523036,0,0.0,0,0.0,23,8,amoniaco|liquido,3.3215158630000587,100,8080,95,5,,2026-09-05T08:24:11,dc9fd3cb5f
E10_PRESUP,Comparacion a presupuesto computacional constante (N x G = cte),large,12,30,55,3,53000.0,NxG=80x100,80,100,,0.6,0.2,2,True,B,0.5,nogood,8,0.15,min_efi,,,,,80x100,505,4,True,4.498778915301426,238435.2825109756,44200.0,178756.0975609756,15479.184950000004,0.0,238435.2825109756,0,0.0,0,0.0,22,8,liquido,3.8598476920001303,100,8080,100,0,,2026-09-05T08:24:15,dc9fd3cb5f
E10_PRESUP,Comparacion a presupuesto computacional constante (N x G = cte),large,12,30,55,3,53000.0,NxG=80x100,80,100,,0.6,0.2,2,True,B,0.5,nogood,8,0.15,min_efi,,,,,80x100,606,5,True,4.547480770501611,241016.48083658537,50000.0,179853.65853658537,11162.822300000002,0.0,241016.48083658537,0,0.0,0,0.0,21,9,liquido,3.6457917720003934,100,8080,100,0,,2026-09-05T08:24:19,dc9fd3cb5f
E10_PRESUP,Comparacion a presupuesto computacional constante (N x G = cte),large,12,30,55,3,53000.0,NxG=80x100,80,100,,0.6,0.2,2,True,B,0.5,nogood,8,0.15,min_efi,,,,,80x100,707,6,True,4.508758688702255,238964.2105012195,44200.0,180195.1219512195,14569.08855,0.0,238964.2105012195,0,0.0,0,0.0,22,8,liquido,3.3130053350000708,100,8080,98,2,,2026-09-05T08:24:22,dc9fd3cb5f
E10_PRESUP,Comparacion a presupuesto computacional constante (N x G = cte),large,12,30,55,3,53000.0,NxG=80x100,80,100,,0.6,0.2,2,True,B,0.5,nogood,8,0.15,min_efi,,,,,80x100,808,7,True,4.578975675977911,242685.71082682925,50000.0,180292.68292682926,12393.0279,0.0,242685.71082682925,0,0.0,0,0.0,22,9,liquido,3.3472039409998615,100,8080,96,4,,2026-09-05T08:24:25,dc9fd3cb5f
E10_PRESUP,Comparacion a presupuesto computacional constante (N x G = cte),large,12,30,55,3,53000.0,NxG=80x100,80,100,,0.6,0.2,2,True,B,0.5,nogood,8,0.15,min_efi,,,,,80x100,909,8,True,4.6316320228307,245476.4972100271,44500.0,184271.0027100271,16705.4945,0.0,245476.4972100271,0,0.0,0,0.0,22,8,amoniaco|liquido,4.145437955000034,100,8080,96,4,,2026-09-05T08:24:29,dc9fd3cb5f
E10_PRESUP,Comparacion a presupuesto computacional constante (N x G = cte),large,12,30,55,3,53000.0,NxG=80x100,80,100,,0.6,0.2,2,True,B,0.5,nogood,8,0.15,min_efi,,,,,80x100,1010,9,True,4.45940144659457,236348.2766695122,44200.0,179121.9512195122,13026.325450000004,0.0,236348.2766695122,0,0.0,0,0.0,24,8,liquido,3.367502177999995,100,8080,99,1,,2026-09-05T08:24:33,dc9fd3cb5f
E10_PRESUP,Comparacion a presupuesto computacional constante (N x G = cte),large,12,30,55,3,53000.0,NxG=80x100,80,100,,0.6,0.2,2,True,B,0.5,nogood,8,0.15,min_efi,,,,,80x100,1111,10,True,4.506006542071892,238818.3467298103,39000.0,185852.9810298103,13965.3657,0.0,238818.3467298103,0,0.0,0,0.0,21,7,amoniaco|liquido,3.2348479120000775,100,8080,91,9,,2026-09-05T08:24:36,dc9fd3cb5f
E10_PRESUP,Comparacion a presupuesto computacional constante (N x G = cte),large,12,30,55,3,53000.0,NxG=80x100,80,100,,0.6,0.2,2,True,B,0.5,nogood,8,0.15,min_efi,,,,,80x100,1212,11,True,4.483395534414788,237619.96332398374,44200.0,180087.39837398374,13332.564950000002,0.0,237619.96332398374,0,0.0,0,0.0,24,8,amoniaco|liquido,4.318150368999795,100,8080,92,8,,2026-09-05T08:24:40,dc9fd3cb5f
E10_PRESUP,Comparacion a presupuesto computacional constante (N x G = cte),large,12,30,55,3,53000.0,NxG=80x100,80,100,,0.6,0.2,2,True,B,0.5,nogood,8,0.15,min_efi,,,,,80x100,1313,12,True,4.6158119283811425,244638.03220420054,44800.0,184755.42005420054,15082.61215,0.0,244638.03220420054,0,0.0,0,0.0,21,8,amoniaco|liquido,3.3199254129999645,100,8080,98,2,,2026-09-05T08:24:44,dc9fd3cb5f
E10_PRESUP,Comparacion a presupuesto computacional constante (N x G = cte),large,12,30,55,3,53000.0,NxG=80x100,80,100,,0.6,0.2,2,True,B,0.5,nogood,8,0.15,min_efi,,,,,80x100,1414,13,True,4.520659146052564,239594.93474078592,39000.0,184609.0785907859,15985.856149999998,0.0,239594.93474078592,0,0.0,0,0.0,21,7,amoniaco|liquido,3.2417173009998805,100,8080,98,2,,2026-09-05T08:24:47,dc9fd3cb5f
E10_PRESUP,Comparacion a presupuesto computacional constante (N x G = cte),large,12,30,55,3,53000.0,NxG=80x100,80,100,,0.6,0.2,2,True,B,0.5,nogood,8,0.15,min_efi,,,,,80x100,1515,14,True,4.415025786117503,233996.36666422765,38400.0,180276.42276422764,15319.943900000006,0.0,233996.36666422765,0,0.0,0,0.0,23,7,amoniaco|liquido,3.4750980090002486,100,8080,84,16,,2026-09-05T08:24:50,dc9fd3cb5f
E10_PRESUP,Comparacion a presupuesto computacional constante (N x G = cte),large,12,30,55,3,53000.0,NxG=80x100,80,100,,0.6,0.2,2,True,B,0.5,nogood,8,0.15,min_efi,,,,,80x100,1616,15,True,4.571734447059876,242301.92569417343,44500.0,184734.41734417345,13067.508350000002,0.0,242301.92569417343,0,0.0,0,0.0,21,8,amoniaco|liquido,4.278802512000311,100,8080,99,1,,2026-09-05T08:24:55,dc9fd3cb5f
E10_PRESUP,Comparacion a presupuesto computacional constante (N x G = cte),large,12,30,55,3,53000.0,NxG=80x100,80,100,,0.6,0.2,2,True,B,0.5,nogood,8,0.15,min_efi,,,,,80x100,1717,16,True,4.480528950759319,237468.0343902439,44200.0,180439.0243902439,12829.010000000004,0.0,237468.0343902439,0,0.0,0,0.0,21,8,liquido,3.4170697240001573,100,8080,98,2,,2026-09-05T08:24:58,dc9fd3cb5f
E10_PRESUP,Comparacion a presupuesto computacional constante (N x G = cte),large,12,30,55,3,53000.0,NxG=80x100,80,100,,0.6,0.2,2,True,B,0.5,nogood,8,0.15,min_efi,,,,,80x100,1818,17,True,4.488025054658178,237865.32789688345,44200.0,181084.68834688346,12580.639549999998,0.0,237865.32789688345,0,0.0,0,0.0,22,8,amoniaco|liquido,3.3502005599998483,100,8080,98,2,,2026-09-05T08:25:01,dc9fd3cb5f
E10_PRESUP,Comparacion a presupuesto computacional constante (N x G = cte),large,12,30,55,3,53000.0,NxG=80x100,80,100,,0.6,0.2,2,True,B,0.5,nogood,8,0.15,min_efi,,,,,80x100,1919,18,True,4.561649679529069,241767.43301504065,44500.0,183406.50406504064,13860.92895,0.0,241767.43301504065,0,0.0,0,0.0,23,8,amoniaco|liquido,4.265510473000177,100,8080,98,2,,2026-09-05T08:25:06,dc9fd3cb5f
E10_PRESUP,Comparacion a presupuesto computacional constante (N x G = cte),large,12,30,55,3,53000.0,NxG=80x100,80,100,,0.6,0.2,2,True,B,0.5,nogood,8,0.15,min_efi,,,,,80x100,2020,19,True,4.465138103083295,236652.31946341463,44200.0,180146.34146341463,12305.978000000005,0.0,236652.31946341463,0,0.0,0,0.0,24,8,liquido,3.4744961479996164,100,8080,96,4,,2026-09-05T08:25:09,dc9fd3cb5f
E10_PRESUP,Comparacion a presupuesto computacional constante (N x G = cte),large,12,30,55,3,53000.0,NxG=160x50,160,50,,0.6,0.2,2,True,B,0.5,nogood,8,0.15,min_efi,,,,,160x50,101,0,True,4.573592070892775,242400.37975731707,44200.0,183420.73170731709,14779.64805,0.0,242400.37975731707,0,0.0,0,0.0,21,8,amoniaco|liquido,3.319910153999899,50,8160,50,0,,2026-09-05T08:25:13,16d11017c0
E10_PRESUP,Comparacion a presupuesto computacional constante (N x G = cte),large,12,30,55,3,53000.0,NxG=160x50,160,50,,0.6,0.2,2,True,B,0.5,nogood,8,0.15,min_efi,,,,,160x50,202,1,True,4.517471240003579,239425.9757201897,44200.0,184647.0189701897,10578.956749999998,0.0,239425.9757201897,0,0.0,0,0.0,22,8,amoniaco|liquido,3.529610092999974,50,8160,49,1,,2026-09-05T08:25:16,16d11017c0
E10_PRESUP,Comparacion a presupuesto computacional constante (N x G = cte),large,12,30,55,3,53000.0,NxG=160x50,160,50,,0.6,0.2,2,True,B,0.5,nogood,8,0.15,min_efi,,,,,160x50,303,2,True,4.736743645679296,251047.4132210027,50300.0,184027.1002710027,16720.312950000003,0.0,251047.4132210027,0,0.0,0,0.0,22,9,amoniaco|liquido,3.894542478000403,50,8160,50,0,,2026-09-05T08:25:20,16d11017c0
E10_PRESUP,Comparacion a presupuesto computacional constante (N x G = cte),large,12,30,55,3,53000.0,NxG=160x50,160,50,,0.6,0.2,2,True,B,0.5,nogood,8,0.15,min_efi,,,,,160x50,404,3,True,4.64364992422662,246113.44598401085,44500.0,186608.40108401084,15005.044900000004,0.0,246113.44598401085,0,0.0,0,0.0,22,8,amoniaco|liquido,3.2806865870002184,50,8160,50,0,,2026-09-05T08:25:23,16d11017c0
E10_PRESUP,Comparacion a presupuesto computacional constante (N x G = cte),large,12,30,55,3,53000.0,NxG=160x50,160,50,,0.6,0.2,2,True,B,0.5,nogood,8,0.15,min_efi,,,,,160x50,505,4,True,4.543985460346679,240831.22939837398,44200.0,183989.837398374,12641.392000000002,0.0,240831.22939837398,0,0.0,0,0.0,21,8,amoniaco|liquido,3.2571920489999684,50,8160,49,1,,2026-09-05T08:25:27,16d11017c0
E10_PRESUP,Comparacion a presupuesto computacional constante (N x G = cte),large,12,30,55,3,53000.0,NxG=160x50,160,50,,0.6,0.2,2,True,B,0.5,nogood,8,0.15,min_efi,,,,,160x50,606,5,True,4.578347101730838,242652.39639173442,44200.0,185094.17344173443,13358.222949999998,0.0,242652.39639173442,0,0.0,0,0.0,21,8,amoniaco|liquido,4.092225509999935,50,8160,45,5,,2026-09-05T08:25:31,16d11017c0
E10_PRESUP,Comparacion a presupuesto computacional constante (N x G = cte),large,12,30,55,3,53000.0,NxG=160x50,160,50,,0.6,0.2,2,True,B,0.5,nogood,8,0.15,min_efi,,,,,160x50,707,6,True,4.536783249015698,240449.51219783197,44200.0,182319.78319783197,13929.729000000005,0.0,240449.51219783197,0,0.0,0,0.0,23,8,amoniaco|liquido,3.3861636569999973,50,8160,44,6,,2026-09-05T08:25:34,16d11017c0
E10_PRESUP,Comparacion a presupuesto computacional constante (N x G = cte),large,12,30,55,3,53000.0,NxG=160x50,160,50,,0.6,0.2,2,True,B,0.5,nogood,8,0.15,min_efi,,,,,160x50,808,7,True,4.637894065247738,245808.3854581301,50000.0,183550.8130081301,12257.572450000001,0.0,245808.3854581301,0,0.0,0,0.0,21,9,amoniaco|liquido,3.3104838640001617,50,8160,47,3,,2026-09-05T08:25:37,16d11017c0
E10_PRESUP,Comparacion a presupuesto computacional constante (N x G = cte),large,12,30,55,3,53000.0,NxG=160x50,160,50,,0.6,0.2,2,True,B,0.5,nogood,8,0.15,min_efi,,,,,160x50,909,8,True,4.651517174466943,246530.41024674798,39000.0,189229.67479674798,18300.73545,0.0,246530.41024674798,0,0.0,0,0.0,21,7,amoniaco|liquido,3.4068514760001563,50,8160,47,3,,2026-09-05T08:25:41,16d11017c0
E10_PRESUP,Comparacion a presupuesto computacional constante (N x G = cte),large,12,30,55,3,53000.0,NxG=160x50,160,50,,0.6,0.2,2,True,B,0.5,nogood,8,0.15,min_efi,,,,,160x50,1010,9,True,4.6414697921818275,245997.89898563686,44200.0,187868.56368563685,13929.335300000002,0.0,245997.89898563686,0,0.0,0,0.0,20,8,amoniaco|liquido,3.643559811999694,50,8160,50,0,,2026-09-05T08:25:44,16d11017c0
E10_PRESUP,Comparacion a presupuesto computacional constante (N x G = cte),large,12,30,55,3,53000.0,NxG=160x50,160,50,,0.6,0.2,2,True,B,0.5,nogood,8,0.15,min_efi,,,,,160x50,1111,10,True,4.635817701421486,245698.33817533875,50000.0,182387.53387533876,13310.804300000002,0.0,245698.33817533875,0,0.0,0,0.0,23,9,amoniaco|liquido,3.355531670000346,50,8160,46,4,,2026-09-05T08:25:48,16d11017c0
E10_PRESUP,Comparacion a presupuesto computacional constante (N x G = cte),large,12,30,55,3,53000.0,NxG=160x50,160,50,,0.6,0.2,2,True,B,0.5,nogood,8,0.15,min_efi,,,,,160x50,1212,11,True,4.623478234956793,245044.34645271004,49700.0,183850.27100271004,11494.07545,0.0,245044.34645271004,0,0.0,0,0.0,23,9,amoniaco|liquido,3.3597790600001645,50,8160,45,5,,2026-09-05T08:25:51,16d11017c0
E10_PRESUP,Comparacion a presupuesto computacional constante (N x G = cte),large,12,30,55,3,53000.0,NxG=160x50,160,50,,0.6,0.2,2,True,B,0.5,nogood,8,0.15,min_efi,,,,,160x50,1313,12,True,4.631394499578156,245463.90847764228,49700.0,184422.76422764227,11341.144250000003,0.0,245463.90847764228,0,0.0,0,0.0,21,9,amoniaco|liquido,4.10035587900029,50,8160,49,1,,2026-09-05T08:25:55,16d11017c0
E10_PRESUP,Comparacion a presupuesto computacional constante (N x G = cte),large,12,30,55,3,53000.0,NxG=160x50,160,50,,0.6,0.2,2,True,B,0.5,nogood,8,0.15,min_efi,,,,,160x50,1414,13,True,4.640587241882702,245951.1238197832,49700.0,181831.9783197832,14419.145499999999,0.0,245951.1238197832,0,0.0,0,0.0,22,9,amoniaco|liquido,3.2881070859998545,50,8160,48,2,,2026-09-05T08:25:58,16d11017c0
E10_PRESUP,Comparacion a presupuesto computacional constante (N x G = cte),large,12,30,55,3,53000.0,NxG=160x50,160,50,,0.6,0.2,2,True,B,0.5,nogood,8,0.15,min_efi,,,,,160x50,1515,14,True,4.600207939474357,243811.02079214092,44200.0,185159.21409214093,14451.806700000001,0.0,243811.02079214092,0,0.0,0,0.0,21,8,amoniaco|liquido,3.293518925999706,50,8160,50,0,,2026-09-05T08:26:02,16d11017c0
E10_PRESUP,Comparacion a presupuesto computacional constante (N x G = cte),large,12,30,55,3,53000.0,NxG=160x50,160,50,,0.6,0.2,2,True,B,0.5,nogood,8,0.15,min_efi,,,,,160x50,1616,15,True,4.5833968878790206,242920.03505758807,44200.0,184130.75880758808,14589.276250000004,0.0,242920.03505758807,0,0.0,0,0.0,20,8,amoniaco|liquido,3.530199903999801,50,8160,50,0,,2026-09-05T08:26:05,16d11017c0
E10_PRESUP,Comparacion a presupuesto computacional constante (N x G = cte),large,12,30,55,3,53000.0,NxG=160x50,160,50,,0.6,0.2,2,True,B,0.5,nogood,8,0.15,min_efi,,,,,160x50,1717,16,True,4.525789978974281,239866.86888563688,44200.0,183618.56368563688,12048.3052,0.0,239866.86888563688,0,0.0,0,0.0,21,8,amoniaco|liquido,4.019581417000154,50,8160,48,2,,2026-09-05T08:26:09,16d11017c0
E10_PRESUP,Comparacion a presupuesto computacional constante (N x G = cte),large,12,30,55,3,53000.0,NxG=160x50,160,50,,0.6,0.2,2,True,B,0.5,nogood,8,0.15,min_efi,,,,,160x50,1818,17,True,4.601319538254845,243869.93552750678,39000.0,188817.7506775068,16052.184850000001,0.0,243869.93552750678,0,0.0,0,0.0,18,7,amoniaco|liquido,3.205283073999908,50,8160,45,5,,2026-09-05T08:26:13,16d11017c0
E10_PRESUP,Comparacion a presupuesto computacional constante (N x G = cte),large,12,30,55,3,53000.0,NxG=160x50,160,50,,0.6,0.2,2,True,B,0.5,nogood,8,0.15,min_efi,,,,,160x50,1919,18,True,4.654211284046633,246673.19805447158,50000.0,184715.44715447156,11957.750900000001,0.0,246673.19805447158,0,0.0,0,0.0,19,9,amoniaco|liquido,3.2057792450000306,50,8160,50,0,,2026-09-05T08:26:16,16d11017c0
E10_PRESUP,Comparacion a presupuesto computacional constante (N x G = cte),large,12,30,55,3,53000.0,NxG=160x50,160,50,,0.6,0.2,2,True,B,0.5,nogood,8,0.15,min_efi,,,,,160x50,2020,19,True,4.557172345114281,241530.1342910569,38700.0,181569.1056910569,21261.0286,0.0,241530.1342910569,0,0.0,0,0.0,23,7,amoniaco|liquido,4.250324535000345,50,8160,50,0,,2026-09-05T08:26:20,16d11017c0
