exp_id,calibracion,instancia,P,J,K,HTotal,id_config,tam_poblacion,n_generaciones,tiempo_max,prob_cruce,prob_mutacion,k_torneo,tipo_init,frac_semilla,n_ejec,n_factibles,tasa_factibilidad,lcoh_media,lcoh_std,lcoh_mejor,lcoh_mediana,lcoh_peor,sin_factibles,n_bajo,fitness_media,fitness_std,fitness_mejor,tiempo_medio_s,tiempo_std_s,gen_mejor_media,gen_estancamiento_media,n_con_error,n_infact_visita,n_infact_capacidad,n_infact_camiones,n_infact_produccion,semillas,es_mejor_en_instancia,rank_en_instancia
E06_NG,Calibracion combinada de tamano de poblacion y generaciones,small,4,8,16,22400.0,N=20_G=50,20,50,,0.6,0.2,3,A,0.5,20,11,0.55,4.713592890600253,0.07210208975837544,4.589244453233886,4.718734294751743,4.836300721091028,False,False,2735688.5332565284,3209424.0312711718,102799.07575243904,0.20578679754989931,0.011495116113096313,28.85,21.15,0,0,0,0,9,101|202|303|404|505|606|707|808|909|1010|1111|1212|1313|1414|1515|1616|1717|1818|1919|2020,False,9.0
E06_NG,Calibracion combinada de tamano de poblacion y generaciones,small,4,8,16,22400.0,N=20_G=100,20,100,,0.6,0.2,3,A,0.5,20,11,0.55,4.6814010558976085,0.054068790402630906,4.589244453233886,4.673885669751742,4.784550822844077,False,False,2735275.0351904915,3209751.813895778,102799.07575243904,0.5164716494000003,0.15172878187246294,43.55,56.45,0,0,0,0,9,101|202|303|404|505|606|707|808|909|1010|1111|1212|1313|1414|1515|1616|1717|1818|1919|2020,False,8.0
E06_NG,Calibracion combinada de tamano de poblacion y generaciones,small,4,8,16,22400.0,N=20_G=200,20,200,,0.6,0.2,3,A,0.5,20,11,0.55,4.655526485889492,0.037981701632356764,4.589244453233886,4.6632796362696,4.7087975348976485,False,False,2734784.2656179913,3209866.2838169923,102799.07575243904,0.9512039751500196,0.2580145684475412,79.25,120.75,0,0,0,0,9,101|202|303|404|505|606|707|808|909|1010|1111|1212|1313|1414|1515|1616|1717|1818|1919|2020,False,7.0
E06_NG,Calibracion combinada de tamano de poblacion y generaciones,small,4,8,16,22400.0,N=40_G=50,40,50,,0.6,0.2,3,A,0.5,20,12,0.6,4.682837525610664,0.03991576428845688,4.6045534210583625,4.679613304333624,4.734402691147649,False,False,2199686.852674454,2633042.4584979676,103141.99663170733,0.5263793303000511,0.18234703906696287,28.7,21.3,0,0,0,0,8,101|202|303|404|505|606|707|808|909|1010|1111|1212|1313|1414|1515|1616|1717|1818|1919|2020,False,6.0
E06_NG,Calibracion combinada de tamano de poblacion y generaciones,small,4,8,16,22400.0,N=40_G=100,40,100,,0.6,0.2,3,A,0.5,20,12,0.6,4.634796813448207,0.03120950234813721,4.6045534210583625,4.629532813262196,4.696648846091028,False,False,2199041.1855029906,2633583.138857758,103141.99663170733,0.9205288302999179,0.2283817446861776,44.15,55.85,0,0,0,0,8,101|202|303|404|505|606|707|808|909|1010|1111|1212|1313|1414|1515|1616|1717|1818|1919|2020,False,5.0
E06_NG,Calibracion combinada de tamano de poblacion y generaciones,small,4,8,16,22400.0,N=40_G=200,40,200,,0.6,0.2,3,A,0.5,20,12,0.6,4.621841179224739,0.0277177986347665,4.589244453233886,4.6128332746624565,4.6744576831446,False,False,2198692.1096840273,2633502.5418993044,102799.07575243904,1.9331449646999317,0.510737579662396,78.75,121.25,0,0,0,0,8,101|202|303|404|505|606|707|808|909|1010|1111|1212|1313|1414|1515|1616|1717|1818|1919|2020,False,4.0
E06_NG,Calibracion combinada de tamano de poblacion y generaciones,small,4,8,16,22400.0,N=80_G=50,80,50,,0.6,0.2,3,A,0.5,20,15,0.75,4.623943323573608,0.0349372524625136,4.589244453233886,4.608414470165505,4.700407619719077,False,False,1403480.0785999415,2309989.742806001,102799.07575243904,0.947143350100123,0.2577919232249892,37.3,12.7,0,0,0,0,5,101|202|303|404|505|606|707|808|909|1010|1111|1212|1313|1414|1515|1616|1717|1818|1919|2020,False,3.0
E06_NG,Calibracion combinada de tamano de poblacion y generaciones,small,4,8,16,22400.0,N=80_G=100,80,100,,0.6,0.2,3,A,0.5,20,15,0.75,4.6105710540541525,0.02485298437781576,4.589244453233886,4.6045534210583625,4.68164798894817,False,False,1403184.7590970148,2309997.173561417,102799.07575243904,1.8849925127498408,0.456028211351761,43.55,56.45,0,0,0,0,5,101|202|303|404|505|606|707|808|909|1010|1111|1212|1313|1414|1515|1616|1717|1818|1919|2020,False,2.0
E06_NG,Calibracion combinada de tamano de poblacion y generaciones,small,4,8,16,22400.0,N=80_G=200,80,200,,0.6,0.2,3,A,0.5,20,15,0.75,4.610053566107724,0.023299577916409804,4.589244453233886,4.6045534210583625,4.673885669751742,False,False,1403019.1994520149,2309723.5326337623,102799.07575243904,3.857740311649877,0.7620411057473485,66.75,133.25,0,0,0,0,5,101|202|303|404|505|606|707|808|909|1010|1111|1212|1313|1414|1515|1616|1717|1818|1919|2020,True,1.0
E06_NG,Calibracion combinada de tamano de poblacion y generaciones,medium,8,18,34,38600.0,N=20_G=50,20,50,,0.6,0.2,3,A,0.5,20,16,0.8,4.982940414021363,0.12692037380923385,4.792079701208982,4.974281026022579,5.276075516909587,False,False,1423019.3176071285,3371511.0045747873,184974.2764666667,0.3751690910999059,0.017449861494608712,47.4,2.6,0,0,1,0,4,101|202|303|404|505|606|707|808|909|1010|1111|1212|1313|1414|1515|1616|1717|1818|1919|2020,False,9.0
E06_NG,Calibracion combinada de tamano de poblacion y generaciones,medium,8,18,34,38600.0,N=20_G=100,20,100,,0.6,0.2,3,A,0.5,20,18,0.9,4.8536650881039645,0.07847755671272064,4.722667239314349,4.869368702135726,5.020873684650435,False,False,915864.6500161538,3080774.069608303,182294.95543753388,0.8732280969500608,0.23844641770629202,89.05,10.95,0,0,1,0,2,101|202|303|404|505|606|707|808|909|1010|1111|1212|1313|1414|1515|1616|1717|1818|1919|2020,False,8.0
E06_NG,Calibracion combinada de tamano de poblacion y generaciones,medium,8,18,34,38600.0,N=20_G=200,20,200,,0.6,0.2,3,A,0.5,20,18,0.9,4.7375517583723,0.10229902536730073,4.532507573960571,4.758568197500246,4.9124516962733615,False,False,528085.094587318,1468873.580982746,174954.79235487804,1.779341739749998,0.4755102517587116,161.75,38.25,0,0,0,0,2,101|202|303|404|505|606|707|808|909|1010|1111|1212|1313|1414|1515|1616|1717|1818|1919|2020,False,7.0
E06_NG,Calibracion combinada de tamano de poblacion y generaciones,medium,8,18,34,38600.0,N=40_G=50,40,50,,0.6,0.2,3,A,0.5,20,20,1.0,4.86238221076446,0.12773596537926077,4.678414830191527,4.833810422608016,5.126368119676481,False,False,187687.95333550812,4930.6082636394585,180586.81244539292,0.866077612799927,0.23237725349880614,47.85,2.15,0,0,0,0,0,101|202|303|404|505|606|707|808|909|1010|1111|1212|1313|1414|1515|1616|1717|1818|1919|2020,False,6.0
E06_NG,Calibracion combinada de tamano de poblacion y generaciones,medium,8,18,34,38600.0,N=40_G=100,40,100,,0.6,0.2,3,A,0.5,20,20,1.0,4.705310431909516,0.11518123728065778,4.520169288923291,4.6479292444395295,4.887700201661822,False,False,181624.98267170734,4445.995759033391,174478.53455243903,1.699390088500013,0.42521062512627583,88.9,11.1,0,0,0,0,0,101|202|303|404|505|606|707|808|909|1010|1111|1212|1313|1414|1515|1616|1717|1818|1919|2020,False,4.0
E06_NG,Calibracion combinada de tamano de poblacion y generaciones,medium,8,18,34,38600.0,N=40_G=200,40,200,,0.6,0.2,3,A,0.5,20,20,1.0,4.616078780367047,0.12313522685054636,4.442766322507267,4.587377248776626,4.8814409001011,False,False,178180.64092216798,4753.019756431091,171490.7800487805,3.483354178400077,0.765358576646708,157.2,42.8,0,0,0,0,0,101|202|303|404|505|606|707|808|909|1010|1111|1212|1313|1414|1515|1616|1717|1818|1919|2020,False,2.0
E06_NG,Calibracion combinada de tamano de poblacion y generaciones,medium,8,18,34,38600.0,N=80_G=50,80,50,,0.6,0.2,3,A,0.5,20,20,1.0,4.7771956967497236,0.0737398643779106,4.662025507266525,4.764851175697165,4.936891318512434,False,False,184399.7538945393,2846.3587649873593,179954.18458048784,1.7858872820500438,0.46920273713937577,47.2,2.8,0,0,0,0,0,101|202|303|404|505|606|707|808|909|1010|1111|1212|1313|1414|1515|1616|1717|1818|1919|2020,False,5.0
E06_NG,Calibracion combinada de tamano de poblacion y generaciones,medium,8,18,34,38600.0,N=80_G=100,80,100,,0.6,0.2,3,A,0.5,20,20,1.0,4.672116014548141,0.09272033301913721,4.526047667414381,4.661058906056489,4.823472550960445,False,False,180343.67816155826,3579.004854538695,174705.43996219512,3.542505548549934,0.7846676637317105,84.5,15.5,0,0,0,0,0,101|202|303|404|505|606|707|808|909|1010|1111|1212|1313|1414|1515|1616|1717|1818|1919|2020,False,3.0
E06_NG,Calibracion combinada de tamano de poblacion y generaciones,medium,8,18,34,38600.0,N=80_G=200,80,200,,0.6,0.2,3,A,0.5,20,20,1.0,4.598178915137362,0.12303892328954963,4.38811204015544,4.577651089536206,4.823472550960445,False,False,177489.7061243022,4749.302438976619,169381.12475,7.127025277899838,1.069631329240126,153.3,46.7,0,0,0,0,0,101|202|303|404|505|606|707|808|909|1010|1111|1212|1313|1414|1515|1616|1717|1818|1919|2020,True,1.0
E06_NG,Calibracion combinada de tamano de poblacion y generaciones,large,12,30,55,53000.0,N=20_G=50,20,50,,0.6,0.2,3,A,0.5,20,19,0.95,5.284980521618858,0.11578340553626039,5.103863686242778,5.29984350695659,5.441810447711817,False,False,379635.1255444233,445156.9417579951,270504.7753708672,0.7082338474999688,0.19874753711261392,48.55,1.45,0,0,1,0,0,101|202|303|404|505|606|707|808|909|1010|1111|1212|1313|1414|1515|1616|1717|1818|1919|2020,False,8.0
E06_NG,Calibracion combinada de tamano de poblacion y generaciones,large,12,30,55,53000.0,N=20_G=100,20,100,,0.6,0.2,3,A,0.5,20,20,1.0,5.09331819600156,0.09447052828564502,4.940310699143529,5.091935941007057,5.226274058628624,False,False,269945.8643880827,5006.9379991391925,261836.46705460703,1.3704373356501947,0.35579933066178115,97.15,2.85,0,0,0,0,0,101|202|303|404|505|606|707|808|909|1010|1111|1212|1313|1414|1515|1616|1717|1818|1919|2020,False,7.0
E06_NG,Calibracion combinada de tamano de poblacion y generaciones,large,12,30,55,53000.0,N=20_G=200,20,200,,0.6,0.2,3,A,0.5,20,20,1.0,4.883123904549395,0.11411213646075075,4.681785007572736,4.8906000575394994,5.144995681617835,False,False,258805.56694111793,6047.943232419788,248134.60540135505,2.712162367850033,0.7223855358617228,191.85,8.15,0,0,0,0,0,101|202|303|404|505|606|707|808|909|1010|1111|1212|1313|1414|1515|1616|1717|1818|1919|2020,False,4.0
E06_NG,Calibracion combinada de tamano de poblacion y generaciones,large,12,30,55,53000.0,N=40_G=50,40,50,,0.6,0.2,3,A,0.5,20,18,0.9,5.168235548203116,0.1014934906628456,4.982311563164084,5.175794509131002,5.347916085925755,False,False,345787.39688691276,253236.79695203234,264062.5128476965,1.3517522605998693,0.35595953623872634,48.9,1.1,0,0,1,0,2,101|202|303|404|505|606|707|808|909|1010|1111|1212|1313|1414|1515|1616|1717|1818|1919|2020,False,9.0
E06_NG,Calibracion combinada de tamano de poblacion y generaciones,large,12,30,55,53000.0,N=40_G=100,40,100,,0.6,0.2,3,A,0.5,20,20,1.0,4.965054000304111,0.08459191775939848,4.779985163043923,4.973482392515467,5.080701597880554,False,False,263147.8620161179,4483.371641248114,253339.21364132792,2.7197136145500735,0.6624701502299016,98.25,1.75,0,0,0,0,0,101|202|303|404|505|606|707|808|909|1010|1111|1212|1313|1414|1515|1616|1717|1818|1919|2020,False,5.0
E06_NG,Calibracion combinada de tamano de poblacion y generaciones,large,12,30,55,53000.0,N=40_G=200,40,200,,0.6,0.2,3,A,0.5,20,20,1.0,4.7802752357264655,0.08632199986019937,4.639287037298665,4.7657968804699085,4.957041354476658,False,False,253354.5874935027,4575.065992590555,245882.2129768293,5.381710261699982,0.8191187143473565,192.15,7.85,0,0,0,0,0,101|202|303|404|505|606|707|808|909|1010|1111|1212|1313|1414|1515|1616|1717|1818|1919|2020,False,2.0
E06_NG,Calibracion combinada de tamano de poblacion y generaciones,large,12,30,55,53000.0,N=80_G=50,80,50,,0.6,0.2,3,A,0.5,20,20,1.0,5.055615076539347,0.10612576173749447,4.874357630313954,5.038350114985683,5.289209688656236,False,False,267947.5990565854,5624.665372087198,258340.9544066396,2.8074270258998695,0.6539833358311957,48.8,1.2,0,0,0,0,0,101|202|303|404|505|606|707|808|909|1010|1111|1212|1313|1414|1515|1616|1717|1818|1919|2020,False,6.0
E06_NG,Calibracion combinada de tamano de poblacion y generaciones,large,12,30,55,53000.0,N=80_G=100,80,100,,0.6,0.2,3,A,0.5,20,20,1.0,4.871763322618756,0.0871119142950966,4.736064264981848,4.869072661196759,5.053227293922892,False,False,258203.456098794,4616.931457640119,251011.40604403795,5.60188447204996,0.9380312045351255,97.3,2.7,0,0,0,0,0,101|202|303|404|505|606|707|808|909|1010|1111|1212|1313|1414|1515|1616|1717|1818|1919|2020,False,3.0
E06_NG,Calibracion combinada de tamano de poblacion y generaciones,large,12,30,55,53000.0,N=80_G=200,80,200,,0.6,0.2,3,A,0.5,20,20,1.0,4.671076106851383,0.11032504306877024,4.468925061198037,4.650702010987114,4.889296567840159,False,False,247567.0336631233,5847.22728264483,236853.028243496,11.147729214500032,0.7253599091727082,194.55,5.45,0,0,0,0,0,101|202|303|404|505|606|707|808|909|1010|1111|1212|1313|1414|1515|1616|1717|1818|1919|2020,True,1.0
