exp_id,calibracion,instancia,P,J,K,M,HTotal,id_config,tam_poblacion,n_generaciones,tiempo_max,prob_cruce,prob_mutacion,k_torneo,elitismo,tipo_init,frac_semilla,pool_tipo,pool_n,pool_sigma,m_ref,w_visita,w_capacidad,w_camiones,w_produccion,semilla,rep,factible,lcoh,coste_total,capex,opex,transporte,penalizacion,fitness,viol_visita,viol_capacidad,viol_camiones,viol_produccion,n_camiones,n_plantas_abiertas,modos_usados,tiempo_s,generaciones_ejec,evaluaciones,gen_mejor,gen_estancamiento,error,timestamp,hash_config
E05_G,Calibracion del numero de generaciones,small,4,8,16,3,22400.0,G=50,150,50,,0.6,0.2,3,True,A,0.5,nogood,8,0.15,,,,,,101,0,True,4.6045534210583625,103141.99663170733,21100.0,73073.17073170733,8968.8259,0.0,103141.99663170733,0,0.0,0,0.0,8,4,liquido,1.7766139300001669,50,7650,46,4,,2026-09-04T07:18:50,f19ae627ba
E05_G,Calibracion del numero de generaciones,small,4,8,16,3,22400.0,G=50,150,50,,0.6,0.2,3,True,A,0.5,nogood,8,0.15,,,,,,202,1,True,4.608414470165505,103228.48413170733,21100.0,73073.17073170733,9055.313400000001,0.0,103228.48413170733,0,0.0,0,0.0,8,4,liquido,1.5810498870000629,50,7650,38,12,,2026-09-04T07:18:51,f19ae627ba
E05_G,Calibracion del numero de generaciones,small,4,8,16,3,22400.0,G=50,150,50,,0.6,0.2,3,True,A,0.5,nogood,8,0.15,,,,,,303,2,True,4.6751949277547915,104724.36638170732,21100.0,73073.17073170733,10551.19565,0.0,104724.36638170732,0,0.0,0,0.0,8,4,liquido,1.620015704000025,50,7650,36,14,,2026-09-04T07:18:53,f19ae627ba
E05_G,Calibracion del numero de generaciones,small,4,8,16,3,22400.0,G=50,150,50,,0.6,0.2,3,True,A,0.5,nogood,8,0.15,,,,,,404,3,True,4.608414470165505,103228.48413170733,21100.0,73073.17073170733,9055.313400000001,0.0,103228.48413170733,0,0.0,0,0.0,8,4,liquido,1.5423477270001058,50,7650,10,40,,2026-09-04T07:18:54,f19ae627ba
E05_G,Calibracion del numero de generaciones,small,4,8,16,3,22400.0,G=50,150,50,,0.6,0.2,3,True,A,0.5,nogood,8,0.15,,,,,,505,4,True,4.608414470165505,103228.48413170733,21100.0,73073.17073170733,9055.313400000001,0.0,103228.48413170733,0,0.0,0,0.0,8,4,liquido,2.4049560630000997,50,7650,49,1,,2026-09-04T07:18:57,f19ae627ba
E05_G,Calibracion del numero de generaciones,small,4,8,16,3,22400.0,G=50,150,50,,0.6,0.2,3,True,A,0.5,nogood,8,0.15,,,,,,606,5,True,4.6045534210583625,103141.99663170733,21100.0,73073.17073170733,8968.8259,0.0,103141.99663170733,0,0.0,0,0.0,8,4,liquido,2.86614474299995,50,7650,24,26,,2026-09-04T07:19:00,f19ae627ba
E05_G,Calibracion del numero de generaciones,small,4,8,16,3,22400.0,G=50,150,50,,0.6,0.2,3,True,A,0.5,nogood,8,0.15,,,,,,707,6,True,4.6045534210583625,103141.99663170733,21100.0,73073.17073170733,8968.8259,0.0,103141.99663170733,0,0.0,0,0.0,8,4,liquido,1.5490521179999632,50,7650,42,8,,2026-09-04T07:19:01,f19ae627ba
E05_G,Calibracion del numero de generaciones,small,4,8,16,3,22400.0,G=50,150,50,,0.6,0.2,3,True,A,0.5,nogood,8,0.15,,,,,,808,7,True,4.6045534210583625,103141.99663170733,21100.0,73073.17073170733,8968.825900000002,0.0,103141.99663170733,0,0.0,0,0.0,8,4,liquido,1.6081517139998596,50,7650,32,18,,2026-09-04T07:19:03,f19ae627ba
E05_G,Calibracion del numero de generaciones,small,4,8,16,3,22400.0,G=50,150,50,,0.6,0.2,3,True,A,0.5,nogood,8,0.15,,,,,,909,8,True,4.608414470165505,103228.48413170733,21100.0,73073.17073170733,9055.3134,0.0,103228.48413170733,0,0.0,0,0.0,8,4,liquido,1.5582506150001336,50,7650,25,25,,2026-09-04T07:19:04,f19ae627ba
E05_G,Calibracion del numero de generaciones,small,4,8,16,3,22400.0,G=50,150,50,,0.6,0.2,3,True,A,0.5,nogood,8,0.15,,,,,,1010,9,True,4.6045534210583625,103141.99663170733,21100.0,73073.17073170733,8968.825900000002,0.0,103141.99663170733,0,0.0,0,0.0,8,4,liquido,1.5247124710001572,50,7650,24,26,,2026-09-04T07:19:06,f19ae627ba
E05_G,Calibracion del numero de generaciones,small,4,8,16,3,22400.0,G=50,150,50,,0.6,0.2,3,True,A,0.5,nogood,8,0.15,,,,,,1111,10,True,4.632003291594077,103756.87373170732,21100.0,73073.17073170733,9583.703,0.0,103756.87373170732,0,0.0,0,0.0,8,4,liquido,1.6337739010000405,50,7650,40,10,,2026-09-04T07:19:08,f19ae627ba
E05_G,Calibracion del numero de generaciones,small,4,8,16,3,22400.0,G=50,150,50,,0.6,0.2,3,True,A,0.5,nogood,8,0.15,,,,,,1212,11,True,4.589244453233886,102799.07575243904,21100.0,72390.24390243903,9308.83185,0.0,102799.07575243904,0,0.0,0,0.0,8,4,liquido,1.5581287360000715,50,7650,24,26,,2026-09-04T07:19:09,f19ae627ba
E05_G,Calibracion del numero de generaciones,small,4,8,16,3,22400.0,G=50,150,50,,0.6,0.2,3,True,A,0.5,nogood,8,0.15,,,,,,1313,12,True,4.6128332746624565,103327.46535243903,21100.0,72390.24390243903,9837.22145,0.0,103327.46535243903,0,0.0,0,0.0,8,4,liquido,2.541520020000007,50,7650,22,28,,2026-09-04T07:19:12,f19ae627ba
E05_G,Calibracion del numero de generaciones,small,4,8,16,3,22400.0,G=50,150,50,,0.6,0.2,3,True,A,0.5,nogood,8,0.15,,,,,,1414,13,True,4.589244453233886,102799.07575243904,21100.0,72390.24390243903,9308.831850000002,0.0,102799.07575243904,0,0.0,0,0.0,8,4,liquido,2.7261462760000086,50,7650,32,18,,2026-09-04T07:19:14,f19ae627ba
E05_G,Calibracion del numero de generaciones,small,4,8,16,3,22400.0,G=50,150,50,,0.6,0.2,3,True,A,0.5,nogood,8,0.15,,,,,,1515,14,True,4.616694323769599,103413.95285243903,21100.0,72390.24390243903,9923.70895,0.0,103413.95285243903,0,0.0,0,0.0,8,4,liquido,1.5745512469998175,50,7650,47,3,,2026-09-04T07:19:16,f19ae627ba
E05_G,Calibracion del numero de generaciones,small,4,8,16,3,22400.0,G=50,150,50,,0.6,0.2,3,True,A,0.5,nogood,8,0.15,,,,,,1616,15,True,4.616694323769599,103413.95285243903,21100.0,72390.24390243903,9923.708950000002,0.0,103413.95285243903,0,0.0,0,0.0,8,4,liquido,1.6021887409999636,50,7650,31,19,,2026-09-04T07:19:18,f19ae627ba
E05_G,Calibracion del numero de generaciones,small,4,8,16,3,22400.0,G=50,150,50,,0.6,0.2,3,True,A,0.5,nogood,8,0.15,,,,,,1717,16,True,4.6045534210583625,103141.99663170733,21100.0,73073.17073170733,8968.825900000002,0.0,103141.99663170733,0,0.0,0,0.0,8,4,liquido,1.5800813169998946,50,7650,36,14,,2026-09-04T07:19:19,f19ae627ba
E05_G,Calibracion del numero de generaciones,small,4,8,16,3,22400.0,G=50,150,50,,0.6,0.2,3,True,A,0.5,nogood,8,0.15,,,,,,1818,17,True,4.632003291594077,103756.87373170732,21100.0,73073.17073170733,9583.702999999998,0.0,103756.87373170732,0,0.0,0,0.0,8,4,liquido,1.923708988000044,50,7650,45,5,,2026-09-04T07:19:21,f19ae627ba
E05_G,Calibracion del numero de generaciones,small,4,8,16,3,22400.0,G=50,150,50,,0.6,0.2,3,True,A,0.5,nogood,8,0.15,,,,,,1919,18,True,4.589244453233886,102799.07575243904,21100.0,72390.24390243903,9308.83185,0.0,102799.07575243904,0,0.0,0,0.0,8,4,liquido,1.7654024130001744,50,7650,20,30,,2026-09-04T07:19:23,f19ae627ba
E05_G,Calibracion del numero de generaciones,small,4,8,16,3,22400.0,G=50,150,50,,0.6,0.2,3,True,A,0.5,nogood,8,0.15,,,,,,2020,19,True,4.6045534210583625,103141.99663170733,21100.0,73073.17073170733,8968.8259,0.0,103141.99663170733,0,0.0,0,0.0,8,4,liquido,1.7606676249999964,50,7650,36,14,,2026-09-04T07:19:25,f19ae627ba
E05_G,Calibracion del numero de generaciones,small,4,8,16,3,22400.0,G=100,150,100,,0.6,0.2,3,True,A,0.5,nogood,8,0.15,,,,,,101,0,True,4.6045534210583625,103141.99663170733,21100.0,73073.17073170733,8968.8259,0.0,103141.99663170733,0,0.0,0,0.0,8,4,liquido,5.179942646999962,100,15150,46,54,,2026-09-04T07:19:30,5c4e32ca56
E05_G,Calibracion del numero de generaciones,small,4,8,16,3,22400.0,G=100,150,100,,0.6,0.2,3,True,A,0.5,nogood,8,0.15,,,,,,202,1,True,4.608414470165505,103228.48413170733,21100.0,73073.17073170733,9055.313400000001,0.0,103228.48413170733,0,0.0,0,0.0,8,4,liquido,3.189820533000102,100,15150,38,62,,2026-09-04T07:19:33,5c4e32ca56
E05_G,Calibracion del numero de generaciones,small,4,8,16,3,22400.0,G=100,150,100,,0.6,0.2,3,True,A,0.5,nogood,8,0.15,,,,,,303,2,True,4.632003291594077,103756.87373170732,21100.0,73073.17073170733,9583.703,0.0,103756.87373170732,0,0.0,0,0.0,8,4,liquido,3.225712057999999,100,15150,70,30,,2026-09-04T07:19:36,5c4e32ca56
E05_G,Calibracion del numero de generaciones,small,4,8,16,3,22400.0,G=100,150,100,,0.6,0.2,3,True,A,0.5,nogood,8,0.15,,,,,,404,3,True,4.608414470165505,103228.48413170733,21100.0,73073.17073170733,9055.313400000001,0.0,103228.48413170733,0,0.0,0,0.0,8,4,liquido,3.4092688340001587,100,15150,10,90,,2026-09-04T07:19:40,5c4e32ca56
E05_G,Calibracion del numero de generaciones,small,4,8,16,3,22400.0,G=100,150,100,,0.6,0.2,3,True,A,0.5,nogood,8,0.15,,,,,,505,4,True,4.589244453233886,102799.07575243904,21100.0,72390.24390243903,9308.831850000002,0.0,102799.07575243904,0,0.0,0,0.0,8,4,liquido,5.016591363000089,100,15150,55,45,,2026-09-04T07:19:45,5c4e32ca56
E05_G,Calibracion del numero de generaciones,small,4,8,16,3,22400.0,G=100,150,100,,0.6,0.2,3,True,A,0.5,nogood,8,0.15,,,,,,606,5,True,4.6045534210583625,103141.99663170733,21100.0,73073.17073170733,8968.8259,0.0,103141.99663170733,0,0.0,0,0.0,8,4,liquido,3.203771625000172,100,15150,24,76,,2026-09-04T07:19:48,5c4e32ca56
E05_G,Calibracion del numero de generaciones,small,4,8,16,3,22400.0,G=100,150,100,,0.6,0.2,3,True,A,0.5,nogood,8,0.15,,,,,,707,6,True,4.6045534210583625,103141.99663170733,21100.0,73073.17073170733,8968.8259,0.0,103141.99663170733,0,0.0,0,0.0,8,4,liquido,3.1353879969999525,100,15150,42,58,,2026-09-04T07:19:51,5c4e32ca56
E05_G,Calibracion del numero de generaciones,small,4,8,16,3,22400.0,G=100,150,100,,0.6,0.2,3,True,A,0.5,nogood,8,0.15,,,,,,808,7,True,4.6045534210583625,103141.99663170733,21100.0,73073.17073170733,8968.825900000002,0.0,103141.99663170733,0,0.0,0,0.0,8,4,liquido,3.6725594670001556,100,15150,32,68,,2026-09-04T07:19:55,5c4e32ca56
E05_G,Calibracion del numero de generaciones,small,4,8,16,3,22400.0,G=100,150,100,,0.6,0.2,3,True,A,0.5,nogood,8,0.15,,,,,,909,8,True,4.608414470165505,103228.48413170733,21100.0,73073.17073170733,9055.3134,0.0,103228.48413170733,0,0.0,0,0.0,8,4,liquido,4.811738000999867,100,15150,25,75,,2026-09-04T07:20:00,5c4e32ca56
E05_G,Calibracion del numero de generaciones,small,4,8,16,3,22400.0,G=100,150,100,,0.6,0.2,3,True,A,0.5,nogood,8,0.15,,,,,,1010,9,True,4.6045534210583625,103141.99663170733,21100.0,73073.17073170733,8968.825900000002,0.0,103141.99663170733,0,0.0,0,0.0,8,4,liquido,3.0790311040000233,100,15150,24,76,,2026-09-04T07:20:03,5c4e32ca56
E05_G,Calibracion del numero de generaciones,small,4,8,16,3,22400.0,G=100,150,100,,0.6,0.2,3,True,A,0.5,nogood,8,0.15,,,,,,1111,10,True,4.632003291594077,103756.87373170732,21100.0,73073.17073170733,9583.703,0.0,103756.87373170732,0,0.0,0,0.0,8,4,liquido,3.7253887589999977,100,15150,40,60,,2026-09-04T07:20:06,5c4e32ca56
E05_G,Calibracion del numero de generaciones,small,4,8,16,3,22400.0,G=100,150,100,,0.6,0.2,3,True,A,0.5,nogood,8,0.15,,,,,,1212,11,True,4.589244453233886,102799.07575243904,21100.0,72390.24390243903,9308.83185,0.0,102799.07575243904,0,0.0,0,0.0,8,4,liquido,4.101363672999923,100,15150,24,76,,2026-09-04T07:20:11,5c4e32ca56
E05_G,Calibracion del numero de generaciones,small,4,8,16,3,22400.0,G=100,150,100,,0.6,0.2,3,True,A,0.5,nogood,8,0.15,,,,,,1313,12,True,4.6128332746624565,103327.46535243903,21100.0,72390.24390243903,9837.22145,0.0,103327.46535243903,0,0.0,0,0.0,8,4,liquido,4.2887981780002065,100,15150,22,78,,2026-09-04T07:20:15,5c4e32ca56
E05_G,Calibracion del numero de generaciones,small,4,8,16,3,22400.0,G=100,150,100,,0.6,0.2,3,True,A,0.5,nogood,8,0.15,,,,,,1414,13,True,4.589244453233886,102799.07575243904,21100.0,72390.24390243903,9308.831850000002,0.0,102799.07575243904,0,0.0,0,0.0,8,4,liquido,3.1664933220001785,100,15150,32,68,,2026-09-04T07:20:18,5c4e32ca56
E05_G,Calibracion del numero de generaciones,small,4,8,16,3,22400.0,G=100,150,100,,0.6,0.2,3,True,A,0.5,nogood,8,0.15,,,,,,1515,14,True,4.616694323769599,103413.95285243903,21100.0,72390.24390243903,9923.70895,0.0,103413.95285243903,0,0.0,0,0.0,8,4,liquido,3.2127104009998675,100,15150,47,53,,2026-09-04T07:20:21,5c4e32ca56
E05_G,Calibracion del numero de generaciones,small,4,8,16,3,22400.0,G=100,150,100,,0.6,0.2,3,True,A,0.5,nogood,8,0.15,,,,,,1616,15,True,4.616694323769599,103413.95285243903,21100.0,72390.24390243903,9923.708950000002,0.0,103413.95285243903,0,0.0,0,0.0,8,4,liquido,4.011514591999912,100,15150,31,69,,2026-09-04T07:20:25,5c4e32ca56
E05_G,Calibracion del numero de generaciones,small,4,8,16,3,22400.0,G=100,150,100,,0.6,0.2,3,True,A,0.5,nogood,8,0.15,,,,,,1717,16,True,4.6045534210583625,103141.99663170733,21100.0,73073.17073170733,8968.825900000002,0.0,103141.99663170733,0,0.0,0,0.0,8,4,liquido,4.546140212000182,100,15150,36,64,,2026-09-04T07:20:30,5c4e32ca56
E05_G,Calibracion del numero de generaciones,small,4,8,16,3,22400.0,G=100,150,100,,0.6,0.2,3,True,A,0.5,nogood,8,0.15,,,,,,1818,17,True,4.632003291594077,103756.87373170732,21100.0,73073.17073170733,9583.702999999998,0.0,103756.87373170732,0,0.0,0,0.0,8,4,liquido,3.2165827489998264,100,15150,45,55,,2026-09-04T07:20:33,5c4e32ca56
E05_G,Calibracion del numero de generaciones,small,4,8,16,3,22400.0,G=100,150,100,,0.6,0.2,3,True,A,0.5,nogood,8,0.15,,,,,,1919,18,True,4.589244453233886,102799.07575243904,21100.0,72390.24390243903,9308.83185,0.0,102799.07575243904,0,0.0,0,0.0,8,4,liquido,3.276904605000027,100,15150,20,80,,2026-09-04T07:20:36,5c4e32ca56
E05_G,Calibracion del numero de generaciones,small,4,8,16,3,22400.0,G=100,150,100,,0.6,0.2,3,True,A,0.5,nogood,8,0.15,,,,,,2020,19,True,4.6045534210583625,103141.99663170733,21100.0,73073.17073170733,8968.8259,0.0,103141.99663170733,0,0.0,0,0.0,8,4,liquido,4.221944160000021,100,15150,36,64,,2026-09-04T07:20:40,5c4e32ca56
E05_G,Calibracion del numero de generaciones,small,4,8,16,3,22400.0,G=200,150,200,,0.6,0.2,3,True,A,0.5,nogood,8,0.15,,,,,,101,0,True,4.6045534210583625,103141.99663170733,21100.0,73073.17073170733,8968.8259,0.0,103141.99663170733,0,0.0,0,0.0,8,4,liquido,7.390852685000027,200,30150,46,154,,2026-09-04T07:20:48,511f4058fa
E05_G,Calibracion del numero de generaciones,small,4,8,16,3,22400.0,G=200,150,200,,0.6,0.2,3,True,A,0.5,nogood,8,0.15,,,,,,202,1,True,4.608414470165505,103228.48413170733,21100.0,73073.17073170733,9055.313400000001,0.0,103228.48413170733,0,0.0,0,0.0,8,4,liquido,7.450138184000025,200,30150,38,162,,2026-09-04T07:20:55,511f4058fa
E05_G,Calibracion del numero de generaciones,small,4,8,16,3,22400.0,G=200,150,200,,0.6,0.2,3,True,A,0.5,nogood,8,0.15,,,,,,303,2,True,4.632003291594077,103756.87373170732,21100.0,73073.17073170733,9583.703,0.0,103756.87373170732,0,0.0,0,0.0,8,4,liquido,7.19312065500003,200,30150,70,130,,2026-09-04T07:21:03,511f4058fa
E05_G,Calibracion del numero de generaciones,small,4,8,16,3,22400.0,G=200,150,200,,0.6,0.2,3,True,A,0.5,nogood,8,0.15,,,,,,404,3,True,4.608414470165505,103228.48413170733,21100.0,73073.17073170733,9055.313400000001,0.0,103228.48413170733,0,0.0,0,0.0,8,4,liquido,7.251901391000047,200,30150,10,190,,2026-09-04T07:21:10,511f4058fa
E05_G,Calibracion del numero de generaciones,small,4,8,16,3,22400.0,G=200,150,200,,0.6,0.2,3,True,A,0.5,nogood,8,0.15,,,,,,505,4,True,4.589244453233886,102799.07575243904,21100.0,72390.24390243903,9308.831850000002,0.0,102799.07575243904,0,0.0,0,0.0,8,4,liquido,7.297797499999888,200,30150,55,145,,2026-09-04T07:21:17,511f4058fa
E05_G,Calibracion del numero de generaciones,small,4,8,16,3,22400.0,G=200,150,200,,0.6,0.2,3,True,A,0.5,nogood,8,0.15,,,,,,606,5,True,4.6045534210583625,103141.99663170733,21100.0,73073.17073170733,8968.8259,0.0,103141.99663170733,0,0.0,0,0.0,8,4,liquido,7.358282542000097,200,30150,24,176,,2026-09-04T07:21:24,511f4058fa
E05_G,Calibracion del numero de generaciones,small,4,8,16,3,22400.0,G=200,150,200,,0.6,0.2,3,True,A,0.5,nogood,8,0.15,,,,,,707,6,True,4.6045534210583625,103141.99663170733,21100.0,73073.17073170733,8968.8259,0.0,103141.99663170733,0,0.0,0,0.0,8,4,liquido,7.2855080329998145,200,30150,42,158,,2026-09-04T07:21:32,511f4058fa
E05_G,Calibracion del numero de generaciones,small,4,8,16,3,22400.0,G=200,150,200,,0.6,0.2,3,True,A,0.5,nogood,8,0.15,,,,,,808,7,True,4.6045534210583625,103141.99663170733,21100.0,73073.17073170733,8968.825900000002,0.0,103141.99663170733,0,0.0,0,0.0,8,4,liquido,7.299184000000196,200,30150,32,168,,2026-09-04T07:21:39,511f4058fa
E05_G,Calibracion del numero de generaciones,small,4,8,16,3,22400.0,G=200,150,200,,0.6,0.2,3,True,A,0.5,nogood,8,0.15,,,,,,909,8,True,4.608414470165505,103228.48413170733,21100.0,73073.17073170733,9055.3134,0.0,103228.48413170733,0,0.0,0,0.0,8,4,liquido,7.334549800999866,200,30150,25,175,,2026-09-04T07:21:46,511f4058fa
E05_G,Calibracion del numero de generaciones,small,4,8,16,3,22400.0,G=200,150,200,,0.6,0.2,3,True,A,0.5,nogood,8,0.15,,,,,,1010,9,True,4.6045534210583625,103141.99663170733,21100.0,73073.17073170733,8968.825900000002,0.0,103141.99663170733,0,0.0,0,0.0,8,4,liquido,7.244813754999996,200,30150,24,176,,2026-09-04T07:21:54,511f4058fa
E05_G,Calibracion del numero de generaciones,small,4,8,16,3,22400.0,G=200,150,200,,0.6,0.2,3,True,A,0.5,nogood,8,0.15,,,,,,1111,10,True,4.632003291594077,103756.87373170732,21100.0,73073.17073170733,9583.703,0.0,103756.87373170732,0,0.0,0,0.0,8,4,liquido,7.4027746440001465,200,30150,40,160,,2026-09-04T07:22:01,511f4058fa
E05_G,Calibracion del numero de generaciones,small,4,8,16,3,22400.0,G=200,150,200,,0.6,0.2,3,True,A,0.5,nogood,8,0.15,,,,,,1212,11,True,4.589244453233886,102799.07575243904,21100.0,72390.24390243903,9308.83185,0.0,102799.07575243904,0,0.0,0,0.0,8,4,liquido,7.355466525000111,200,30150,24,176,,2026-09-04T07:22:08,511f4058fa
E05_G,Calibracion del numero de generaciones,small,4,8,16,3,22400.0,G=200,150,200,,0.6,0.2,3,True,A,0.5,nogood,8,0.15,,,,,,1313,12,True,4.6128332746624565,103327.46535243903,21100.0,72390.24390243903,9837.22145,0.0,103327.46535243903,0,0.0,0,0.0,8,4,liquido,7.315479116000006,200,30150,22,178,,2026-09-04T07:22:16,511f4058fa
E05_G,Calibracion del numero de generaciones,small,4,8,16,3,22400.0,G=200,150,200,,0.6,0.2,3,True,A,0.5,nogood,8,0.15,,,,,,1414,13,True,4.589244453233886,102799.07575243904,21100.0,72390.24390243903,9308.831850000002,0.0,102799.07575243904,0,0.0,0,0.0,8,4,liquido,7.146766992000039,200,30150,32,168,,2026-09-04T07:22:23,511f4058fa
E05_G,Calibracion del numero de generaciones,small,4,8,16,3,22400.0,G=200,150,200,,0.6,0.2,3,True,A,0.5,nogood,8,0.15,,,,,,1515,14,True,4.616694323769599,103413.95285243903,21100.0,72390.24390243903,9923.70895,0.0,103413.95285243903,0,0.0,0,0.0,8,4,liquido,7.64108123799997,200,30150,47,153,,2026-09-04T07:22:31,511f4058fa
E05_G,Calibracion del numero de generaciones,small,4,8,16,3,22400.0,G=200,150,200,,0.6,0.2,3,True,A,0.5,nogood,8,0.15,,,,,,1616,15,True,4.616694323769599,103413.95285243903,21100.0,72390.24390243903,9923.708950000002,0.0,103413.95285243903,0,0.0,0,0.0,8,4,liquido,7.2189085150000665,200,30150,31,169,,2026-09-04T07:22:38,511f4058fa
E05_G,Calibracion del numero de generaciones,small,4,8,16,3,22400.0,G=200,150,200,,0.6,0.2,3,True,A,0.5,nogood,8,0.15,,,,,,1717,16,True,4.6045534210583625,103141.99663170733,21100.0,73073.17073170733,8968.825900000002,0.0,103141.99663170733,0,0.0,0,0.0,8,4,liquido,7.415880586999947,200,30150,36,164,,2026-09-04T07:22:45,511f4058fa
E05_G,Calibracion del numero de generaciones,small,4,8,16,3,22400.0,G=200,150,200,,0.6,0.2,3,True,A,0.5,nogood,8,0.15,,,,,,1818,17,True,4.632003291594077,103756.87373170732,21100.0,73073.17073170733,9583.702999999998,0.0,103756.87373170732,0,0.0,0,0.0,8,4,liquido,7.284756603000005,200,30150,45,155,,2026-09-04T07:22:52,511f4058fa
E05_G,Calibracion del numero de generaciones,small,4,8,16,3,22400.0,G=200,150,200,,0.6,0.2,3,True,A,0.5,nogood,8,0.15,,,,,,1919,18,True,4.589244453233886,102799.07575243904,21100.0,72390.24390243903,9308.83185,0.0,102799.07575243904,0,0.0,0,0.0,8,4,liquido,7.488376741000138,200,30150,20,180,,2026-09-04T07:23:00,511f4058fa
E05_G,Calibracion del numero de generaciones,small,4,8,16,3,22400.0,G=200,150,200,,0.6,0.2,3,True,A,0.5,nogood,8,0.15,,,,,,2020,19,True,4.6045534210583625,103141.99663170733,21100.0,73073.17073170733,8968.8259,0.0,103141.99663170733,0,0.0,0,0.0,8,4,liquido,7.3270800740001505,200,30150,36,164,,2026-09-04T07:23:07,511f4058fa
E05_G,Calibracion del numero de generaciones,small,4,8,16,3,22400.0,G=400,150,400,,0.6,0.2,3,True,A,0.5,nogood,8,0.15,,,,,,101,0,True,4.6045534210583625,103141.99663170733,21100.0,73073.17073170733,8968.8259,0.0,103141.99663170733,0,0.0,0,0.0,8,4,liquido,14.484422955000127,400,60150,46,354,,2026-09-04T07:23:22,e6659267c4
E05_G,Calibracion del numero de generaciones,small,4,8,16,3,22400.0,G=400,150,400,,0.6,0.2,3,True,A,0.5,nogood,8,0.15,,,,,,202,1,True,4.608414470165505,103228.48413170733,21100.0,73073.17073170733,9055.313400000001,0.0,103228.48413170733,0,0.0,0,0.0,8,4,liquido,14.738616468000146,400,60150,38,362,,2026-09-04T07:23:37,e6659267c4
E05_G,Calibracion del numero de generaciones,small,4,8,16,3,22400.0,G=400,150,400,,0.6,0.2,3,True,A,0.5,nogood,8,0.15,,,,,,303,2,True,4.632003291594077,103756.87373170732,21100.0,73073.17073170733,9583.703,0.0,103756.87373170732,0,0.0,0,0.0,8,4,liquido,14.635243673999867,400,60150,70,330,,2026-09-04T07:23:51,e6659267c4
E05_G,Calibracion del numero de generaciones,small,4,8,16,3,22400.0,G=400,150,400,,0.6,0.2,3,True,A,0.5,nogood,8,0.15,,,,,,404,3,True,4.608414470165505,103228.48413170733,21100.0,73073.17073170733,9055.313400000001,0.0,103228.48413170733,0,0.0,0,0.0,8,4,liquido,14.618796959999827,400,60150,10,390,,2026-09-04T07:24:06,e6659267c4
E05_G,Calibracion del numero de generaciones,small,4,8,16,3,22400.0,G=400,150,400,,0.6,0.2,3,True,A,0.5,nogood,8,0.15,,,,,,505,4,True,4.589244453233886,102799.07575243904,21100.0,72390.24390243903,9308.831850000002,0.0,102799.07575243904,0,0.0,0,0.0,8,4,liquido,14.743878003999953,400,60150,55,345,,2026-09-04T07:24:21,e6659267c4
E05_G,Calibracion del numero de generaciones,small,4,8,16,3,22400.0,G=400,150,400,,0.6,0.2,3,True,A,0.5,nogood,8,0.15,,,,,,606,5,True,4.6045534210583625,103141.99663170733,21100.0,73073.17073170733,8968.8259,0.0,103141.99663170733,0,0.0,0,0.0,8,4,liquido,14.683279957999957,400,60150,24,376,,2026-09-04T07:24:35,e6659267c4
E05_G,Calibracion del numero de generaciones,small,4,8,16,3,22400.0,G=400,150,400,,0.6,0.2,3,True,A,0.5,nogood,8,0.15,,,,,,707,6,True,4.6045534210583625,103141.99663170733,21100.0,73073.17073170733,8968.8259,0.0,103141.99663170733,0,0.0,0,0.0,8,4,liquido,14.718315202999975,400,60150,42,358,,2026-09-04T07:24:50,e6659267c4
E05_G,Calibracion del numero de generaciones,small,4,8,16,3,22400.0,G=400,150,400,,0.6,0.2,3,True,A,0.5,nogood,8,0.15,,,,,,808,7,True,4.6045534210583625,103141.99663170733,21100.0,73073.17073170733,8968.825900000002,0.0,103141.99663170733,0,0.0,0,0.0,8,4,liquido,14.69965094700001,400,60150,32,368,,2026-09-04T07:25:05,e6659267c4
E05_G,Calibracion del numero de generaciones,small,4,8,16,3,22400.0,G=400,150,400,,0.6,0.2,3,True,A,0.5,nogood,8,0.15,,,,,,909,8,True,4.608414470165505,103228.48413170733,21100.0,73073.17073170733,9055.3134,0.0,103228.48413170733,0,0.0,0,0.0,8,4,liquido,14.558546381000042,400,60150,25,375,,2026-09-04T07:25:19,e6659267c4
E05_G,Calibracion del numero de generaciones,small,4,8,16,3,22400.0,G=400,150,400,,0.6,0.2,3,True,A,0.5,nogood,8,0.15,,,,,,1010,9,True,4.6045534210583625,103141.99663170733,21100.0,73073.17073170733,8968.825900000002,0.0,103141.99663170733,0,0.0,0,0.0,8,4,liquido,14.685211581999965,400,60150,24,376,,2026-09-04T07:25:34,e6659267c4
E05_G,Calibracion del numero de generaciones,small,4,8,16,3,22400.0,G=400,150,400,,0.6,0.2,3,True,A,0.5,nogood,8,0.15,,,,,,1111,10,True,4.632003291594077,103756.87373170732,21100.0,73073.17073170733,9583.703,0.0,103756.87373170732,0,0.0,0,0.0,8,4,liquido,14.548563173000048,400,60150,40,360,,2026-09-04T07:25:49,e6659267c4
E05_G,Calibracion del numero de generaciones,small,4,8,16,3,22400.0,G=400,150,400,,0.6,0.2,3,True,A,0.5,nogood,8,0.15,,,,,,1212,11,True,4.589244453233886,102799.07575243904,21100.0,72390.24390243903,9308.83185,0.0,102799.07575243904,0,0.0,0,0.0,8,4,liquido,14.636423501000081,400,60150,24,376,,2026-09-04T07:26:03,e6659267c4
E05_G,Calibracion del numero de generaciones,small,4,8,16,3,22400.0,G=400,150,400,,0.6,0.2,3,True,A,0.5,nogood,8,0.15,,,,,,1313,12,True,4.6128332746624565,103327.46535243903,21100.0,72390.24390243903,9837.22145,0.0,103327.46535243903,0,0.0,0,0.0,8,4,liquido,14.498337306999929,400,60150,22,378,,2026-09-04T07:26:18,e6659267c4
E05_G,Calibracion del numero de generaciones,small,4,8,16,3,22400.0,G=400,150,400,,0.6,0.2,3,True,A,0.5,nogood,8,0.15,,,,,,1414,13,True,4.589244453233886,102799.07575243904,21100.0,72390.24390243903,9308.831850000002,0.0,102799.07575243904,0,0.0,0,0.0,8,4,liquido,14.749248420000185,400,60150,32,368,,2026-09-04T07:26:32,e6659267c4
E05_G,Calibracion del numero de generaciones,small,4,8,16,3,22400.0,G=400,150,400,,0.6,0.2,3,True,A,0.5,nogood,8,0.15,,,,,,1515,14,True,4.616694323769599,103413.95285243903,21100.0,72390.24390243903,9923.70895,0.0,103413.95285243903,0,0.0,0,0.0,8,4,liquido,14.55610160299966,400,60150,47,353,,2026-09-04T07:26:47,e6659267c4
E05_G,Calibracion del numero de generaciones,small,4,8,16,3,22400.0,G=400,150,400,,0.6,0.2,3,True,A,0.5,nogood,8,0.15,,,,,,1616,15,True,4.616694323769599,103413.95285243903,21100.0,72390.24390243903,9923.708950000002,0.0,103413.95285243903,0,0.0,0,0.0,8,4,liquido,14.466146562999711,400,60150,31,369,,2026-09-04T07:27:01,e6659267c4
E05_G,Calibracion del numero de generaciones,small,4,8,16,3,22400.0,G=400,150,400,,0.6,0.2,3,True,A,0.5,nogood,8,0.15,,,,,,1717,16,True,4.6045534210583625,103141.99663170733,21100.0,73073.17073170733,8968.825900000002,0.0,103141.99663170733,0,0.0,0,0.0,8,4,liquido,14.662564766999822,400,60150,36,364,,2026-09-04T07:27:16,e6659267c4
E05_G,Calibracion del numero de generaciones,small,4,8,16,3,22400.0,G=400,150,400,,0.6,0.2,3,True,A,0.5,nogood,8,0.15,,,,,,1818,17,True,4.632003291594077,103756.87373170732,21100.0,73073.17073170733,9583.702999999998,0.0,103756.87373170732,0,0.0,0,0.0,8,4,liquido,14.576073278999957,400,60150,45,355,,2026-09-04T07:27:31,e6659267c4
E05_G,Calibracion del numero de generaciones,small,4,8,16,3,22400.0,G=400,150,400,,0.6,0.2,3,True,A,0.5,nogood,8,0.15,,,,,,1919,18,True,4.589244453233886,102799.07575243904,21100.0,72390.24390243903,9308.83185,0.0,102799.07575243904,0,0.0,0,0.0,8,4,liquido,14.733855929000129,400,60150,20,380,,2026-09-04T07:27:46,e6659267c4
E05_G,Calibracion del numero de generaciones,small,4,8,16,3,22400.0,G=400,150,400,,0.6,0.2,3,True,A,0.5,nogood,8,0.15,,,,,,2020,19,True,4.6045534210583625,103141.99663170733,21100.0,73073.17073170733,8968.8259,0.0,103141.99663170733,0,0.0,0,0.0,8,4,liquido,14.723284737000085,400,60150,36,364,,2026-09-04T07:28:00,e6659267c4
E05_G,Calibracion del numero de generaciones,medium,8,18,34,3,38600.0,G=50,150,50,,0.6,0.2,3,True,A,0.5,nogood,8,0.15,,,,,,101,0,True,4.670530467774548,180282.47605609757,27200.0,129975.60975609758,23106.866300000005,0.0,180282.47605609757,0,0.0,0,0.0,15,5,liquido,4.140953611999976,50,7650,45,5,,2026-09-04T07:28:05,f19ae627ba
E05_G,Calibracion del numero de generaciones,medium,8,18,34,3,38600.0,G=50,150,50,,0.6,0.2,3,True,A,0.5,nogood,8,0.15,,,,,,202,1,True,4.741659125335243,183028.0422379404,27200.0,130403.79403794039,25424.2482,0.0,183028.0422379404,0,0.0,0,0.0,16,5,amoniaco|liquido,3.0693560720001187,50,7650,49,1,,2026-09-04T07:28:08,f19ae627ba
E05_G,Calibracion del numero de generaciones,medium,8,18,34,3,38600.0,G=50,150,50,,0.6,0.2,3,True,A,0.5,nogood,8,0.15,,,,,,303,2,True,4.678921019082524,180606.35133658542,26900.0,128853.65853658538,24852.692800000008,0.0,180606.35133658542,0,0.0,0,0.0,14,5,liquido,2.890219282999624,50,7650,49,1,,2026-09-04T07:28:11,f19ae627ba
E05_G,Calibracion del numero de generaciones,medium,8,18,34,3,38600.0,G=50,150,50,,0.6,0.2,3,True,A,0.5,nogood,8,0.15,,,,,,404,3,True,4.6996267586250475,181405.59288292684,32400.0,127268.29268292684,21737.3002,0.0,181405.59288292684,0,0.0,0,0.0,15,6,liquido,2.975284766000186,50,7650,50,0,,2026-09-04T07:28:14,f19ae627ba
E05_G,Calibracion del numero de generaciones,medium,8,18,34,3,38600.0,G=50,150,50,,0.6,0.2,3,True,A,0.5,nogood,8,0.15,,,,,,505,4,True,4.828192512662006,186368.2309887534,32600.0,130533.8753387534,23234.355650000012,0.0,186368.2309887534,0,0.0,0,0.0,15,6,amoniaco|liquido,4.899590929000169,50,7650,50,0,,2026-09-04T07:28:18,f19ae627ba
E05_G,Calibracion del numero de generaciones,medium,8,18,34,3,38600.0,G=50,150,50,,0.6,0.2,3,True,A,0.5,nogood,8,0.15,,,,,,606,5,True,4.823248725697517,186177.40081192413,26900.0,129741.19241192412,29536.20840000001,0.0,186177.40081192413,0,0.0,0,0.0,14,5,amoniaco|liquido,2.6937101950002216,50,7650,50,0,,2026-09-04T07:28:21,f19ae627ba
E05_G,Calibracion del numero de generaciones,medium,8,18,34,3,38600.0,G=50,150,50,,0.6,0.2,3,True,A,0.5,nogood,8,0.15,,,,,,707,6,True,4.73865403371035,182912.04570121953,26900.0,128195.12195121951,27816.92375,0.0,182912.04570121953,0,0.0,0,0.0,16,5,liquido,2.886062450999816,50,7650,49,1,,2026-09-04T07:28:24,f19ae627ba
E05_G,Calibracion del numero de generaciones,medium,8,18,34,3,38600.0,G=50,150,50,,0.6,0.2,3,True,A,0.5,nogood,8,0.15,,,,,,808,7,True,4.694108377581898,181192.58337466128,26900.0,130612.46612466125,23680.117250000003,0.0,181192.58337466128,0,0.0,0,0.0,14,5,amoniaco|liquido,2.888790376000088,50,7650,49,1,,2026-09-04T07:28:27,f19ae627ba
E05_G,Calibracion del numero de generaciones,medium,8,18,34,3,38600.0,G=50,150,50,,0.6,0.2,3,True,A,0.5,nogood,8,0.15,,,,,,909,8,True,4.65132911402123,179541.3038012195,27400.0,130195.12195121952,21946.181850000008,0.0,179541.3038012195,0,0.0,0,0.0,15,5,liquido,4.6452205879995745,50,7650,46,4,,2026-09-04T07:28:32,f19ae627ba
E05_G,Calibracion del numero de generaciones,medium,8,18,34,3,38600.0,G=50,150,50,,0.6,0.2,3,True,A,0.5,nogood,8,0.15,,,,,,1010,9,True,4.582527491122203,176885.56115731705,27200.0,129170.73170731707,20514.829449999997,0.0,176885.56115731705,0,0.0,0,0.0,16,5,liquido,3.471896757000195,50,7650,46,4,,2026-09-04T07:28:35,f19ae627ba
E05_G,Calibracion del numero de generaciones,medium,8,18,34,3,38600.0,G=50,150,50,,0.6,0.2,3,True,A,0.5,nogood,8,0.15,,,,,,1111,10,True,4.814180133356501,185827.35314756096,28000.0,133609.75609756098,24217.597049999997,0.0,185827.35314756096,0,0.0,0,0.0,14,5,liquido,2.8862956299999496,50,7650,50,0,,2026-09-04T07:28:38,f19ae627ba
E05_G,Calibracion del numero de generaciones,medium,8,18,34,3,38600.0,G=50,150,50,,0.6,0.2,3,True,A,0.5,nogood,8,0.15,,,,,,1212,11,True,4.906371543514891,189385.94157967478,26900.0,133747.9674796748,28737.9741,0.0,189385.94157967478,0,0.0,0,0.0,12,5,amoniaco|liquido,2.687451090000195,50,7650,48,2,,2026-09-04T07:28:41,f19ae627ba
E05_G,Calibracion del numero de generaciones,medium,8,18,34,3,38600.0,G=50,150,50,,0.6,0.2,3,True,A,0.5,nogood,8,0.15,,,,,,1313,12,True,4.742967564545685,183078.54799146345,26600.0,126634.14634146342,29844.40165,0.0,183078.54799146345,0,0.0,0,0.0,15,5,liquido,3.808667043999776,50,7650,48,2,,2026-09-04T07:28:44,f19ae627ba
E05_G,Calibracion del numero de generaciones,medium,8,18,34,3,38600.0,G=50,150,50,,0.6,0.2,3,True,A,0.5,nogood,8,0.15,,,,,,1414,13,True,4.729239541833411,182548.64631476966,27200.0,134696.47696476965,20652.169350000004,0.0,182548.64631476966,0,0.0,0,0.0,13,5,amoniaco|liquido,3.968195347999881,50,7650,50,0,,2026-09-04T07:28:48,f19ae627ba
E05_G,Calibracion del numero de generaciones,medium,8,18,34,3,38600.0,G=50,150,50,,0.6,0.2,3,True,A,0.5,nogood,8,0.15,,,,,,1515,14,True,4.708255541815858,181738.66391409212,26900.0,130421.40921409214,24417.2547,0.0,181738.66391409212,0,0.0,0,0.0,15,5,amoniaco|liquido,2.8895365049997963,50,7650,48,2,,2026-09-04T07:28:51,f19ae627ba
E05_G,Calibracion del numero de generaciones,medium,8,18,34,3,38600.0,G=50,150,50,,0.6,0.2,3,True,A,0.5,nogood,8,0.15,,,,,,1616,15,True,4.693952417509163,181186.56331585368,26900.0,128536.58536585367,25749.97795,0.0,181186.56331585368,0,0.0,0,0.0,14,5,liquido,2.820684258000256,50,7650,50,0,,2026-09-04T07:28:54,f19ae627ba
E05_G,Calibracion del numero de generaciones,medium,8,18,34,3,38600.0,G=50,150,50,,0.6,0.2,3,True,A,0.5,nogood,8,0.15,,,,,,1717,16,True,4.689137672816884,181000.71417073172,27200.0,130317.0731707317,23483.640999999996,0.0,181000.71417073172,0,0.0,0,0.0,16,5,liquido,2.876053431999935,50,7650,49,1,,2026-09-04T07:28:57,f19ae627ba
E05_G,Calibracion del numero de generaciones,medium,8,18,34,3,38600.0,G=50,150,50,,0.6,0.2,3,True,A,0.5,nogood,8,0.15,,,,,,1818,17,True,4.855322700773692,187415.4562498645,32600.0,130644.9864498645,24170.469800000003,0.0,187415.4562498645,0,0.0,0,0.0,16,6,amoniaco|liquido,5.148156460999871,50,7650,48,2,,2026-09-04T07:29:02,f19ae627ba
E05_G,Calibracion del numero de generaciones,medium,8,18,34,3,38600.0,G=50,150,50,,0.6,0.2,3,True,A,0.5,nogood,8,0.15,,,,,,1919,18,True,4.717202561024756,182084.01885555557,27200.0,132555.55555555556,22328.463300000003,0.0,182084.01885555557,0,0.0,0,0.0,14,5,amoniaco|liquido,2.833486539000205,50,7650,47,3,,2026-09-04T07:29:05,f19ae627ba
E05_G,Calibracion del numero de generaciones,medium,8,18,34,3,38600.0,G=50,150,50,,0.6,0.2,3,True,A,0.5,nogood,8,0.15,,,,,,2020,19,True,4.731437185201567,182633.47534878048,32600.0,127804.87804878049,22228.5973,0.0,182633.47534878048,0,0.0,0,0.0,15,6,liquido,2.9057647509998787,50,7650,45,5,,2026-09-04T07:29:08,f19ae627ba
E05_G,Calibracion del numero de generaciones,medium,8,18,34,3,38600.0,G=100,150,100,,0.6,0.2,3,True,A,0.5,nogood,8,0.15,,,,,,101,0,True,4.581769336945532,176856.29640609754,27200.0,129975.60975609756,19680.68665,0.0,176856.29640609754,0,0.0,0,0.0,15,5,liquido,7.080318712999997,100,15150,94,6,,2026-09-04T07:29:15,5c4e32ca56
E05_G,Calibracion del numero de generaciones,medium,8,18,34,3,38600.0,G=100,150,100,,0.6,0.2,3,True,A,0.5,nogood,8,0.15,,,,,,202,1,True,4.5430442735056245,175361.5089573171,27200.0,129170.73170731709,18990.77725,0.0,175361.5089573171,0,0.0,0,0.0,15,5,liquido,6.679758226000104,100,15150,97,3,,2026-09-04T07:29:22,5c4e32ca56
E05_G,Calibracion del numero de generaciones,medium,8,18,34,3,38600.0,G=100,150,100,,0.6,0.2,3,True,A,0.5,nogood,8,0.15,,,,,,303,2,True,4.535319858081638,175063.34652195123,26900.0,128512.19512195123,19651.1514,0.0,175063.34652195123,0,0.0,0,0.0,14,5,liquido,6.36100120600031,100,15150,99,1,,2026-09-04T07:29:28,5c4e32ca56
E05_G,Calibracion del numero de generaciones,medium,8,18,34,3,38600.0,G=100,150,100,,0.6,0.2,3,True,A,0.5,nogood,8,0.15,,,,,,404,3,True,4.596670985624922,177431.50004512197,32400.0,128219.51219512195,16811.987850000005,0.0,177431.50004512197,0,0.0,0,0.0,16,6,liquido,7.277442247000181,100,15150,94,6,,2026-09-04T07:29:35,5c4e32ca56
E05_G,Calibracion del numero de generaciones,medium,8,18,34,3,38600.0,G=100,150,100,,0.6,0.2,3,True,A,0.5,nogood,8,0.15,,,,,,505,4,True,4.623981811291545,178485.69791585364,26600.0,126536.58536585365,25349.112549999998,0.0,178485.69791585364,0,0.0,0,0.0,14,5,liquido,5.7682857069999045,100,15150,99,1,,2026-09-04T07:29:41,5c4e32ca56
E05_G,Calibracion del numero de generaciones,medium,8,18,34,3,38600.0,G=100,150,100,,0.6,0.2,3,True,A,0.5,nogood,8,0.15,,,,,,606,5,True,4.597603333596613,177467.48867682926,26900.0,129292.68292682928,21274.805749999996,0.0,177467.48867682926,0,0.0,0,0.0,14,5,liquido,7.59635038200031,100,15150,96,4,,2026-09-04T07:29:49,5c4e32ca56
E05_G,Calibracion del numero de generaciones,medium,8,18,34,3,38600.0,G=100,150,100,,0.6,0.2,3,True,A,0.5,nogood,8,0.15,,,,,,707,6,True,4.457505795368381,172059.7237012195,26900.0,128195.12195121951,16964.60175,0.0,172059.7237012195,0,0.0,0,0.0,16,5,liquido,5.74910381699965,100,15150,99,1,,2026-09-04T07:29:54,5c4e32ca56
E05_G,Calibracion del numero de generaciones,medium,8,18,34,3,38600.0,G=100,150,100,,0.6,0.2,3,True,A,0.5,nogood,8,0.15,,,,,,808,7,True,4.530639649090104,174882.69045487803,26900.0,128780.48780487805,19202.20265,0.0,174882.69045487803,0,0.0,0,0.0,16,5,liquido,7.981522506000147,100,15150,97,3,,2026-09-04T07:30:02,5c4e32ca56
E05_G,Calibracion del numero de generaciones,medium,8,18,34,3,38600.0,G=100,150,100,,0.6,0.2,3,True,A,0.5,nogood,8,0.15,,,,,,909,8,True,4.617127646404651,178221.12715121952,27400.0,130195.12195121952,20626.0052,0.0,178221.12715121952,0,0.0,0,0.0,15,5,liquido,5.6947633679997125,100,15150,58,42,,2026-09-04T07:30:08,5c4e32ca56
E05_G,Calibracion del numero de generaciones,medium,8,18,34,3,38600.0,G=100,150,100,,0.6,0.2,3,True,A,0.5,nogood,8,0.15,,,,,,1010,9,True,4.5464295817957785,175492.18185731705,27200.0,129170.73170731707,19121.450149999997,0.0,175492.18185731705,0,0.0,0,0.0,15,5,liquido,7.961395144000107,100,15150,67,33,,2026-09-04T07:30:16,5c4e32ca56
E05_G,Calibracion del numero de generaciones,medium,8,18,34,3,38600.0,G=100,150,100,,0.6,0.2,3,True,A,0.5,nogood,8,0.15,,,,,,1111,10,True,4.692893855680526,181145.7028292683,28000.0,132682.92682926828,20462.775999999998,0.0,181145.7028292683,0,0.0,0,0.0,15,5,liquido,5.624268180999934,100,15150,90,10,,2026-09-04T07:30:22,5c4e32ca56
E05_G,Calibracion del numero de generaciones,medium,8,18,34,3,38600.0,G=100,150,100,,0.6,0.2,3,True,A,0.5,nogood,8,0.15,,,,,,1212,11,True,4.7653450512798905,183942.3189794038,26900.0,130537.9403794038,26504.378600000007,0.0,183942.3189794038,0,0.0,0,0.0,15,5,amoniaco|liquido,7.340141488999961,100,15150,96,4,,2026-09-04T07:30:29,5c4e32ca56
E05_G,Calibracion del numero de generaciones,medium,8,18,34,3,38600.0,G=100,150,100,,0.6,0.2,3,True,A,0.5,nogood,8,0.15,,,,,,1313,12,True,4.742967564545684,183078.5479914634,26600.0,126634.1463414634,29844.40165,0.0,183078.5479914634,0,0.0,0,0.0,15,5,liquido,6.119419693000054,100,15150,48,52,,2026-09-04T07:30:35,5c4e32ca56
E05_G,Calibracion del numero de generaciones,medium,8,18,34,3,38600.0,G=100,150,100,,0.6,0.2,3,True,A,0.5,nogood,8,0.15,,,,,,1414,13,True,4.5655738579236695,176231.15091585365,27200.0,129536.58536585365,19494.565550000003,0.0,176231.15091585365,0,0.0,0,0.0,14,5,liquido,6.33840056400004,100,15150,99,1,,2026-09-04T07:30:42,5c4e32ca56
E05_G,Calibracion del numero de generaciones,medium,8,18,34,3,38600.0,G=100,150,100,,0.6,0.2,3,True,A,0.5,nogood,8,0.15,,,,,,1515,14,True,4.484069910621762,173085.09855,26900.0,128000.0,18185.09855,0.0,173085.09855,0,0.0,0,0.0,16,5,liquido,7.158936220999749,100,15150,93,7,,2026-09-04T07:30:49,5c4e32ca56
E05_G,Calibracion del numero de generaciones,medium,8,18,34,3,38600.0,G=100,150,100,,0.6,0.2,3,True,A,0.5,nogood,8,0.15,,,,,,1616,15,True,4.511639606912675,174149.28882682926,26900.0,128292.68292682928,18956.605900000006,0.0,174149.28882682926,0,0.0,0,0.0,15,5,liquido,5.748072597999908,100,15150,100,0,,2026-09-04T07:30:55,5c4e32ca56
E05_G,Calibracion del numero de generaciones,medium,8,18,34,3,38600.0,G=100,150,100,,0.6,0.2,3,True,A,0.5,nogood,8,0.15,,,,,,1717,16,True,4.553714631524074,175773.38477682925,27200.0,129292.68292682926,19280.701849999994,0.0,175773.38477682925,0,0.0,0,0.0,15,5,liquido,8.022836636000193,100,15150,84,16,,2026-09-04T07:31:03,5c4e32ca56
E05_G,Calibracion del numero de generaciones,medium,8,18,34,3,38600.0,G=100,150,100,,0.6,0.2,3,True,A,0.5,nogood,8,0.15,,,,,,1818,17,True,4.710129309806646,181810.99135853656,32600.0,128365.85365853658,20845.137700000003,0.0,181810.99135853656,0,0.0,0,0.0,16,6,liquido,5.891433751000022,100,15150,99,1,,2026-09-04T07:31:08,5c4e32ca56
E05_G,Calibracion del numero de generaciones,medium,8,18,34,3,38600.0,G=100,150,100,,0.6,0.2,3,True,A,0.5,nogood,8,0.15,,,,,,1919,18,True,4.682147187767668,180730.88144783198,27200.0,133319.78319783197,20211.098250000003,0.0,180730.88144783198,0,0.0,0,0.0,14,5,amoniaco|liquido,7.779993771000136,100,15150,92,8,,2026-09-04T07:31:16,5c4e32ca56
E05_G,Calibracion del numero de generaciones,medium,8,18,34,3,38600.0,G=100,150,100,,0.6,0.2,3,True,A,0.5,nogood,8,0.15,,,,,,2020,19,True,4.7053955278023505,181628.26737317073,32600.0,127707.31707317074,21320.950300000008,0.0,181628.26737317073,0,0.0,0,0.0,15,6,liquido,5.837729435000256,100,15150,95,5,,2026-09-04T07:31:22,5c4e32ca56
E05_G,Calibracion del numero de generaciones,medium,8,18,34,3,38600.0,G=200,150,200,,0.6,0.2,3,True,A,0.5,nogood,8,0.15,,,,,,101,0,True,4.546679390654619,175501.82447926828,27200.0,129682.9268292683,18618.89765,0.0,175501.82447926828,0,0.0,0,0.0,14,5,liquido,13.630365765000079,200,30150,186,14,,2026-09-04T07:31:36,511f4058fa
E05_G,Calibracion del numero de generaciones,medium,8,18,34,3,38600.0,G=200,150,200,,0.6,0.2,3,True,A,0.5,nogood,8,0.15,,,,,,202,1,True,4.466665825319095,172413.30085731705,27200.0,129170.73170731707,16042.569150000003,0.0,172413.30085731705,0,0.0,0,0.0,15,5,liquido,13.852462337999896,200,30150,149,51,,2026-09-04T07:31:50,511f4058fa
E05_G,Calibracion del numero de generaciones,medium,8,18,34,3,38600.0,G=200,150,200,,0.6,0.2,3,True,A,0.5,nogood,8,0.15,,,,,,303,2,True,4.535286931915834,175062.07557195122,26900.0,128512.19512195123,19649.88045,0.0,175062.07557195122,0,0.0,0,0.0,14,5,liquido,13.291134238999803,200,30150,105,95,,2026-09-04T07:32:03,511f4058fa
E05_G,Calibracion del numero de generaciones,medium,8,18,34,3,38600.0,G=200,150,200,,0.6,0.2,3,True,A,0.5,nogood,8,0.15,,,,,,404,3,True,4.490421093674965,173330.25421585364,32400.0,127536.58536585365,13393.668850000002,0.0,173330.25421585364,0,0.0,0,0.0,15,6,liquido,13.796339697999883,200,30150,140,60,,2026-09-04T07:32:17,511f4058fa
E05_G,Calibracion del numero de generaciones,medium,8,18,34,3,38600.0,G=200,150,200,,0.6,0.2,3,True,A,0.5,nogood,8,0.15,,,,,,505,4,True,4.6239428462656385,178484.19386585365,26600.0,126536.58536585365,25347.6085,0.0,178484.19386585365,0,0.0,0,0.0,14,5,liquido,13.47153098400031,200,30150,105,95,,2026-09-04T07:32:30,511f4058fa
E05_G,Calibracion del numero de generaciones,medium,8,18,34,3,38600.0,G=200,150,200,,0.6,0.2,3,True,A,0.5,nogood,8,0.15,,,,,,606,5,True,4.459052051339568,172119.4091817073,26900.0,128073.17073170732,17146.238450000004,0.0,172119.4091817073,0,0.0,0,0.0,15,5,liquido,13.473324474000037,200,30150,165,35,,2026-09-04T07:32:44,511f4058fa
E05_G,Calibracion del numero de generaciones,medium,8,18,34,3,38600.0,G=200,150,200,,0.6,0.2,3,True,A,0.5,nogood,8,0.15,,,,,,707,6,True,4.457483317389107,172058.8560512195,26900.0,128195.12195121952,16963.7341,0.0,172058.8560512195,0,0.0,0,0.0,16,5,liquido,13.693242664000081,200,30150,103,97,,2026-09-04T07:32:57,511f4058fa
E05_G,Calibracion del numero de generaciones,medium,8,18,34,3,38600.0,G=200,150,200,,0.6,0.2,3,True,A,0.5,nogood,8,0.15,,,,,,808,7,True,4.409320612694301,170199.77565,26900.0,128000.0,15299.775650000001,0.0,170199.77565,0,0.0,0,0.0,16,5,liquido,12.97319903000016,200,30150,137,63,,2026-09-04T07:33:10,511f4058fa
E05_G,Calibracion del numero de generaciones,medium,8,18,34,3,38600.0,G=200,150,200,,0.6,0.2,3,True,A,0.5,nogood,8,0.15,,,,,,909,8,True,4.617127646404651,178221.12715121952,27400.0,130195.12195121952,20626.0052,0.0,178221.12715121952,0,0.0,0,0.0,15,5,liquido,12.55283164499997,200,30150,58,142,,2026-09-04T07:33:23,511f4058fa
E05_G,Calibracion del numero de generaciones,medium,8,18,34,3,38600.0,G=200,150,200,,0.6,0.2,3,True,A,0.5,nogood,8,0.15,,,,,,1010,9,True,4.526304289397195,174715.3455707317,27200.0,129317.0731707317,18198.272399999998,0.0,174715.3455707317,0,0.0,0,0.0,15,5,liquido,13.397518883999965,200,30150,118,82,,2026-09-04T07:33:36,511f4058fa
E05_G,Calibracion del numero de generaciones,medium,8,18,34,3,38600.0,G=200,150,200,,0.6,0.2,3,True,A,0.5,nogood,8,0.15,,,,,,1111,10,True,4.676521517881966,180513.73059024388,28000.0,133439.0243902439,19074.7062,0.0,180513.73059024388,0,0.0,0,0.0,15,5,liquido,13.469163406999996,200,30150,154,46,,2026-09-04T07:33:50,511f4058fa
E05_G,Calibracion del numero de generaciones,medium,8,18,34,3,38600.0,G=200,150,200,,0.6,0.2,3,True,A,0.5,nogood,8,0.15,,,,,,1212,11,True,4.506698201946165,173958.55059512195,26900.0,128219.51219512196,18839.0384,0.0,173958.55059512195,0,0.0,0,0.0,15,5,liquido,13.412641817000349,200,30150,190,10,,2026-09-04T07:34:03,511f4058fa
E05_G,Calibracion del numero de generaciones,medium,8,18,34,3,38600.0,G=200,150,200,,0.6,0.2,3,True,A,0.5,nogood,8,0.15,,,,,,1313,12,True,4.728404549896794,182516.41562601627,26600.0,127162.60162601626,28753.814000000006,0.0,182516.41562601627,0,0.0,0,0.0,16,5,amoniaco|liquido,13.619247836999875,200,30150,197,3,,2026-09-04T07:34:17,511f4058fa
E05_G,Calibracion del numero de generaciones,medium,8,18,34,3,38600.0,G=200,150,200,,0.6,0.2,3,True,A,0.5,nogood,8,0.15,,,,,,1414,13,True,4.5199828969101485,174471.33982073172,27200.0,129317.0731707317,17954.266649999998,0.0,174471.33982073172,0,0.0,0,0.0,15,5,liquido,13.388204521000262,200,30150,130,70,,2026-09-04T07:34:30,511f4058fa
E05_G,Calibracion del numero de generaciones,medium,8,18,34,3,38600.0,G=200,150,200,,0.6,0.2,3,True,A,0.5,nogood,8,0.15,,,,,,1515,14,True,4.475108290155441,172739.18,26900.0,128000.0,17839.180000000004,0.0,172739.18,0,0.0,0,0.0,15,5,liquido,13.804920224999933,200,30150,116,84,,2026-09-04T07:34:44,511f4058fa
E05_G,Calibracion del numero de generaciones,medium,8,18,34,3,38600.0,G=200,150,200,,0.6,0.2,3,True,A,0.5,nogood,8,0.15,,,,,,1616,15,True,4.428724788512574,170948.77683658537,26900.0,127853.65853658537,16195.1183,0.0,170948.77683658537,0,0.0,0,0.0,16,5,liquido,13.643306697999833,200,30150,140,60,,2026-09-04T07:34:58,511f4058fa
E05_G,Calibracion del numero de generaciones,medium,8,18,34,3,38600.0,G=200,150,200,,0.6,0.2,3,True,A,0.5,nogood,8,0.15,,,,,,1717,16,True,4.553714631524074,175773.38477682925,27200.0,129292.68292682926,19280.701849999994,0.0,175773.38477682925,0,0.0,0,0.0,15,5,liquido,13.599850095999955,200,30150,84,116,,2026-09-04T07:35:11,511f4058fa
E05_G,Calibracion del numero de generaciones,medium,8,18,34,3,38600.0,G=200,150,200,,0.6,0.2,3,True,A,0.5,nogood,8,0.15,,,,,,1818,17,True,4.5078262063692645,174002.09156585363,26600.0,126536.58536585365,20865.50619999999,0.0,174002.09156585363,0,0.0,0,0.0,15,5,liquido,13.885713750999912,200,30150,162,38,,2026-09-04T07:35:25,511f4058fa
E05_G,Calibracion del numero de generaciones,medium,8,18,34,3,38600.0,G=200,150,200,,0.6,0.2,3,True,A,0.5,nogood,8,0.15,,,,,,1919,18,True,4.649055772880773,179453.55283319784,27200.0,132978.31978319783,19275.23305,0.0,179453.55283319784,0,0.0,0,0.0,14,5,amoniaco|liquido,12.991422764000163,200,30150,199,1,,2026-09-04T07:35:38,511f4058fa
E05_G,Calibracion del numero de generaciones,medium,8,18,34,3,38600.0,G=200,150,200,,0.6,0.2,3,True,A,0.5,nogood,8,0.15,,,,,,2020,19,True,4.7053955278023505,181628.26737317073,32600.0,127707.31707317074,21320.950300000008,0.0,181628.26737317073,0,0.0,0,0.0,15,6,liquido,12.992181485999936,200,30150,95,105,,2026-09-04T07:35:51,511f4058fa
E05_G,Calibracion del numero de generaciones,medium,8,18,34,3,38600.0,G=400,150,400,,0.6,0.2,3,True,A,0.5,nogood,8,0.15,,,,,,101,0,True,4.546679390654619,175501.82447926828,27200.0,129682.9268292683,18618.89765,0.0,175501.82447926828,0,0.0,0,0.0,14,5,liquido,25.782588601000043,400,60150,186,214,,2026-09-04T07:36:17,e6659267c4
E05_G,Calibracion del numero de generaciones,medium,8,18,34,3,38600.0,G=400,150,400,,0.6,0.2,3,True,A,0.5,nogood,8,0.15,,,,,,202,1,True,4.466665825319095,172413.30085731705,27200.0,129170.73170731707,16042.569150000003,0.0,172413.30085731705,0,0.0,0,0.0,15,5,liquido,27.337572824999825,400,60150,149,251,,2026-09-04T07:36:44,e6659267c4
E05_G,Calibracion del numero de generaciones,medium,8,18,34,3,38600.0,G=400,150,400,,0.6,0.2,3,True,A,0.5,nogood,8,0.15,,,,,,303,2,True,4.48089365098572,172962.49492804878,26900.0,127487.80487804877,18574.690050000005,0.0,172962.49492804878,0,0.0,0,0.0,15,5,liquido,26.66775694099988,400,60150,228,172,,2026-09-04T07:37:11,e6659267c4
E05_G,Calibracion del numero de generaciones,medium,8,18,34,3,38600.0,G=400,150,400,,0.6,0.2,3,True,A,0.5,nogood,8,0.15,,,,,,404,3,True,4.490421093674965,173330.25421585364,32400.0,127536.58536585365,13393.668850000002,0.0,173330.25421585364,0,0.0,0,0.0,15,6,liquido,27.559355278999647,400,60150,140,260,,2026-09-04T07:37:38,e6659267c4
E05_G,Calibracion del numero de generaciones,medium,8,18,34,3,38600.0,G=400,150,400,,0.6,0.2,3,True,A,0.5,nogood,8,0.15,,,,,,505,4,True,4.6239428462656385,178484.19386585365,26600.0,126536.58536585365,25347.6085,0.0,178484.19386585365,0,0.0,0,0.0,14,5,liquido,26.480739856999662,400,60150,105,295,,2026-09-04T07:38:05,e6659267c4
E05_G,Calibracion del numero de generaciones,medium,8,18,34,3,38600.0,G=400,150,400,,0.6,0.2,3,True,A,0.5,nogood,8,0.15,,,,,,606,5,True,4.425061093264248,170807.3582,26900.0,128000.0,15907.3582,0.0,170807.3582,0,0.0,0,0.0,15,5,liquido,24.727362400999937,400,60150,344,56,,2026-09-04T07:38:30,e6659267c4
E05_G,Calibracion del numero de generaciones,medium,8,18,34,3,38600.0,G=400,150,400,,0.6,0.2,3,True,A,0.5,nogood,8,0.15,,,,,,707,6,True,4.43481440664097,171183.83609634146,26900.0,128414.63414634147,15869.20195,0.0,171183.83609634146,0,0.0,0,0.0,16,5,liquido,27.610416892999638,400,60150,330,70,,2026-09-04T07:38:57,e6659267c4
E05_G,Calibracion del numero de generaciones,medium,8,18,34,3,38600.0,G=400,150,400,,0.6,0.2,3,True,A,0.5,nogood,8,0.15,,,,,,808,7,True,4.409320612694301,170199.77565,26900.0,128000.0,15299.775650000001,0.0,170199.77565,0,0.0,0,0.0,16,5,liquido,27.42459047500006,400,60150,137,263,,2026-09-04T07:39:25,e6659267c4
E05_G,Calibracion del numero de generaciones,medium,8,18,34,3,38600.0,G=400,150,400,,0.6,0.2,3,True,A,0.5,nogood,8,0.15,,,,,,909,8,True,4.617127646404651,178221.12715121952,27400.0,130195.12195121952,20626.0052,0.0,178221.12715121952,0,0.0,0,0.0,15,5,liquido,27.077880880000066,400,60150,58,342,,2026-09-04T07:39:52,e6659267c4
E05_G,Calibracion del numero de generaciones,medium,8,18,34,3,38600.0,G=400,150,400,,0.6,0.2,3,True,A,0.5,nogood,8,0.15,,,,,,1010,9,True,4.526304289397195,174715.3455707317,27200.0,129317.0731707317,18198.272399999998,0.0,174715.3455707317,0,0.0,0,0.0,15,5,liquido,27.211603073000333,400,60150,118,282,,2026-09-04T07:40:19,e6659267c4
E05_G,Calibracion del numero de generaciones,medium,8,18,34,3,38600.0,G=400,150,400,,0.6,0.2,3,True,A,0.5,nogood,8,0.15,,,,,,1111,10,True,4.676521517881966,180513.73059024388,28000.0,133439.0243902439,19074.7062,0.0,180513.73059024388,0,0.0,0,0.0,15,5,liquido,26.366172457000175,400,60150,154,246,,2026-09-04T07:40:45,e6659267c4
E05_G,Calibracion del numero de generaciones,medium,8,18,34,3,38600.0,G=400,150,400,,0.6,0.2,3,True,A,0.5,nogood,8,0.15,,,,,,1212,11,True,4.480672056868445,172953.94139512198,26900.0,128219.51219512195,17834.429200000006,0.0,172953.94139512198,0,0.0,0,0.0,15,5,liquido,25.310842116999993,400,60150,232,168,,2026-09-04T07:41:11,e6659267c4
E05_G,Calibracion del numero de generaciones,medium,8,18,34,3,38600.0,G=400,150,400,,0.6,0.2,3,True,A,0.5,nogood,8,0.15,,,,,,1313,12,True,4.685137475167445,180846.3065414634,26600.0,126634.1463414634,27612.160199999995,0.0,180846.3065414634,0,0.0,0,0.0,15,5,liquido,27.047725907000313,400,60150,216,184,,2026-09-04T07:41:38,e6659267c4
E05_G,Calibracion del numero de generaciones,medium,8,18,34,3,38600.0,G=400,150,400,,0.6,0.2,3,True,A,0.5,nogood,8,0.15,,,,,,1414,13,True,4.5199828969101485,174471.33982073172,27200.0,129317.0731707317,17954.266649999998,0.0,174471.33982073172,0,0.0,0,0.0,15,5,liquido,26.811429825000232,400,60150,130,270,,2026-09-04T07:42:05,e6659267c4
E05_G,Calibracion del numero de generaciones,medium,8,18,34,3,38600.0,G=400,150,400,,0.6,0.2,3,True,A,0.5,nogood,8,0.15,,,,,,1515,14,True,4.4562626373056995,172011.7378,26900.0,128000.0,17111.737800000003,0.0,172011.7378,0,0.0,0,0.0,15,5,liquido,26.910117162999995,400,60150,308,92,,2026-09-04T07:42:32,e6659267c4
E05_G,Calibracion del numero de generaciones,medium,8,18,34,3,38600.0,G=400,150,400,,0.6,0.2,3,True,A,0.5,nogood,8,0.15,,,,,,1616,15,True,4.428724788512574,170948.77683658537,26900.0,127853.65853658537,16195.1183,0.0,170948.77683658537,0,0.0,0,0.0,16,5,liquido,27.607908563000365,400,60150,140,260,,2026-09-04T07:42:59,e6659267c4
E05_G,Calibracion del numero de generaciones,medium,8,18,34,3,38600.0,G=400,150,400,,0.6,0.2,3,True,A,0.5,nogood,8,0.15,,,,,,1717,16,True,4.553714631524074,175773.38477682925,27200.0,129292.68292682926,19280.701849999994,0.0,175773.38477682925,0,0.0,0,0.0,15,5,liquido,24.59144359799984,400,60150,84,316,,2026-09-04T07:43:24,e6659267c4
E05_G,Calibracion del numero de generaciones,medium,8,18,34,3,38600.0,G=400,150,400,,0.6,0.2,3,True,A,0.5,nogood,8,0.15,,,,,,1818,17,True,4.4167716027423225,170487.38386585366,26600.0,126536.58536585365,17350.798499999997,0.0,170487.38386585366,0,0.0,0,0.0,15,5,liquido,27.180278675999944,400,60150,313,87,,2026-09-04T07:43:51,e6659267c4
E05_G,Calibracion del numero de generaciones,medium,8,18,34,3,38600.0,G=400,150,400,,0.6,0.2,3,True,A,0.5,nogood,8,0.15,,,,,,1919,18,True,4.640736288424814,179132.42073319783,27200.0,132978.31978319783,18954.10095,0.0,179132.42073319783,0,0.0,0,0.0,14,5,amoniaco|liquido,26.291163691999827,400,60150,201,199,,2026-09-04T07:44:17,e6659267c4
E05_G,Calibracion del numero de generaciones,medium,8,18,34,3,38600.0,G=400,150,400,,0.6,0.2,3,True,A,0.5,nogood,8,0.15,,,,,,2020,19,True,4.7053955278023505,181628.26737317073,32600.0,127707.31707317074,21320.950300000008,0.0,181628.26737317073,0,0.0,0,0.0,15,6,liquido,27.5138136999999,400,60150,95,305,,2026-09-04T07:44:45,e6659267c4
E05_G,Calibracion del numero de generaciones,large,12,30,55,3,53000.0,G=50,150,50,,0.6,0.2,3,True,A,0.5,nogood,8,0.15,,,,,,101,0,True,4.967268289448791,263265.21934078593,43100.0,184359.0785907859,35806.140750000006,0.0,263265.21934078593,0,0.0,0,0.0,17,8,amoniaco|liquido,4.492368721000275,50,7650,49,1,,2026-09-04T07:44:50,f19ae627ba
E05_G,Calibracion del numero de generaciones,large,12,30,55,3,53000.0,G=50,150,50,,0.6,0.2,3,True,A,0.5,nogood,8,0.15,,,,,,202,1,True,5.0762176530372765,269039.53561097564,49200.0,187256.0975609756,32583.438050000008,0.0,269039.53561097564,0,0.0,0,0.0,19,9,amoniaco|liquido,6.382184402999883,50,7650,48,2,,2026-09-04T07:44:56,f19ae627ba
E05_G,Calibracion del numero de generaciones,large,12,30,55,3,53000.0,G=50,150,50,,0.6,0.2,3,True,A,0.5,nogood,8,0.15,,,,,,303,2,True,4.998911176131309,264942.2923349594,44600.0,187843.49593495936,32498.7964,0.0,264942.2923349594,0,0.0,0,0.0,19,8,amoniaco|liquido,4.5024455200000375,50,7650,50,0,,2026-09-04T07:45:00,f19ae627ba
E05_G,Calibracion del numero de generaciones,large,12,30,55,3,53000.0,G=50,150,50,,0.6,0.2,3,True,A,0.5,nogood,8,0.15,,,,,,404,3,True,4.894037582627703,259383.9918792683,43300.0,176682.92682926828,39401.06505000001,0.0,259383.9918792683,0,0.0,0,0.0,21,8,liquido,4.6646521120001125,50,7650,49,1,,2026-09-04T07:45:05,f19ae627ba
E05_G,Calibracion del numero de generaciones,large,12,30,55,3,53000.0,G=50,150,50,,0.6,0.2,3,True,A,0.5,nogood,8,0.15,,,,,,505,4,True,5.0452529272638955,267398.40514498646,39000.0,185364.49864498645,43033.90650000003,0.0,267398.40514498646,0,0.0,0,0.0,21,7,amoniaco|liquido,6.823062230999767,50,7650,50,0,,2026-09-04T07:45:12,f19ae627ba
E05_G,Calibracion del numero de generaciones,large,12,30,55,3,53000.0,G=50,150,50,,0.6,0.2,3,True,A,0.5,nogood,8,0.15,,,,,,606,5,True,4.9685610325433345,263333.7347247967,32700.0,179967.47967479675,50666.25505000001,0.0,263333.7347247967,0,0.0,0,0.0,23,6,amoniaco|liquido,4.59435049700005,50,7650,50,0,,2026-09-04T07:45:17,f19ae627ba
E05_G,Calibracion del numero de generaciones,large,12,30,55,3,53000.0,G=50,150,50,,0.6,0.2,3,True,A,0.5,nogood,8,0.15,,,,,,707,6,True,4.889545778902694,259145.9262818428,39000.0,185428.1842818428,34717.742000000006,0.0,259145.9262818428,0,0.0,0,0.0,20,7,amoniaco|liquido,4.357480413999838,50,7650,49,1,,2026-09-04T07:45:21,f19ae627ba
E05_G,Calibracion del numero de generaciones,large,12,30,55,3,53000.0,G=50,150,50,,0.6,0.2,3,True,A,0.5,nogood,8,0.15,,,,,,808,7,True,5.05479919183924,267904.3571674797,39000.0,187546.7479674797,41357.60919999999,0.0,267904.3571674797,0,0.0,0,0.0,19,7,amoniaco|liquido,6.541701744999955,50,7650,50,0,,2026-09-04T07:45:27,f19ae627ba
E05_G,Calibracion del numero de generaciones,large,12,30,55,3,53000.0,G=50,150,50,,0.6,0.2,3,True,A,0.5,nogood,8,0.15,,,,,,909,8,True,4.894777007956231,259423.18142168023,33000.0,188552.16802168023,37871.0134,0.0,259423.18142168023,0,0.0,0,0.0,19,6,amoniaco|liquido,4.327823065999837,50,7650,49,1,,2026-09-04T07:45:32,f19ae627ba
E05_G,Calibracion del numero de generaciones,large,12,30,55,3,53000.0,G=50,150,50,,0.6,0.2,3,True,A,0.5,nogood,8,0.15,,,,,,1010,9,True,4.890532372894616,259198.21576341463,39300.0,183146.34146341463,36751.874299999996,0.0,259198.21576341463,0,0.0,0,0.0,22,7,liquido,4.9676630599997225,50,7650,47,3,,2026-09-04T07:45:37,f19ae627ba
E05_G,Calibracion del numero de generaciones,large,12,30,55,3,53000.0,G=50,150,50,,0.6,0.2,3,True,A,0.5,nogood,8,0.15,,,,,,1111,10,True,5.054657334903103,267896.8387498645,44500.0,186894.98644986452,36501.8523,0.0,267896.8387498645,0,0.0,0,0.0,21,8,amoniaco|liquido,6.192290268999841,50,7650,50,0,,2026-09-04T07:45:43,f19ae627ba
E05_G,Calibracion del numero de generaciones,large,12,30,55,3,53000.0,G=50,150,50,,0.6,0.2,3,True,A,0.5,nogood,8,0.15,,,,,,1212,11,True,4.976879032397607,263774.58871707314,44300.0,181231.70731707316,38242.881400000006,0.0,263774.58871707314,0,0.0,0,0.0,20,8,amoniaco|liquido,4.536365230999763,50,7650,49,1,,2026-09-04T07:45:47,f19ae627ba
E05_G,Calibracion del numero de generaciones,large,12,30,55,3,53000.0,G=50,150,50,,0.6,0.2,3,True,A,0.5,nogood,8,0.15,,,,,,1313,12,True,5.085062979613438,269508.33791951224,33600.0,183121.9512195122,52786.38670000001,0.0,269508.33791951224,0,0.0,0,0.0,20,6,liquido,6.1044452649998675,50,7650,45,5,,2026-09-04T07:45:54,f19ae627ba
E05_G,Calibracion del numero de generaciones,large,12,30,55,3,53000.0,G=50,150,50,,0.6,0.2,3,True,A,0.5,nogood,8,0.15,,,,,,1414,13,True,4.915669186186532,260530.4668678862,28100.0,189111.7886178862,43318.678250000004,0.0,260530.4668678862,0,0.0,0,0.0,19,5,amoniaco|liquido,4.895182800999919,50,7650,49,1,,2026-09-04T07:45:58,f19ae627ba
E05_G,Calibracion del numero de generaciones,large,12,30,55,3,53000.0,G=50,150,50,,0.6,0.2,3,True,A,0.5,nogood,8,0.15,,,,,,1515,14,True,4.985543245068262,264233.7919886179,44200.0,182178.8617886179,37854.93020000002,0.0,264233.7919886179,0,0.0,0,0.0,24,8,amoniaco|liquido,4.680398337000042,50,7650,49,1,,2026-09-04T07:46:03,f19ae627ba
E05_G,Calibracion del numero de generaciones,large,12,30,55,3,53000.0,G=50,150,50,,0.6,0.2,3,True,A,0.5,nogood,8,0.15,,,,,,1616,15,True,5.04779421256839,267533.09326612466,39400.0,193746.61246612464,34386.480800000005,0.0,267533.09326612466,0,0.0,0,0.0,16,7,amoniaco|liquido,6.381051748000118,50,7650,50,0,,2026-09-04T07:46:10,f19ae627ba
E05_G,Calibracion del numero de generaciones,large,12,30,55,3,53000.0,G=50,150,50,,0.6,0.2,3,True,A,0.5,nogood,8,0.15,,,,,,1717,16,True,4.912848571122872,260380.97426951223,44000.0,178121.9512195122,38259.02305,0.0,260380.97426951223,0,0.0,0,0.0,22,8,liquido,4.695702634000099,50,7650,48,2,,2026-09-04T07:46:14,f19ae627ba
E05_G,Calibracion del numero de generaciones,large,12,30,55,3,53000.0,G=50,150,50,,0.6,0.2,3,True,A,0.5,nogood,8,0.15,,,,,,1818,17,True,4.842684968737537,256662.30334308944,38200.0,184144.30894308945,34317.9944,0.0,256662.30334308944,0,0.0,0,0.0,19,7,amoniaco|liquido,4.289817546999984,50,7650,50,0,,2026-09-04T07:46:19,f19ae627ba
E05_G,Calibracion del numero de generaciones,large,12,30,55,3,53000.0,G=50,150,50,,0.6,0.2,3,True,A,0.5,nogood,8,0.15,,,,,,1919,18,True,4.9635145392596005,263066.2705807588,39100.0,184588.0758807588,39378.19469999999,0.0,263066.2705807588,0,0.0,0,0.0,21,7,amoniaco|liquido,6.626405133999924,50,7650,50,0,,2026-09-04T07:46:25,f19ae627ba
E05_G,Calibracion del numero de generaciones,large,12,30,55,3,53000.0,G=50,150,50,,0.6,0.2,3,True,A,0.5,nogood,8,0.15,,,,,,2020,19,True,4.9840970903973005,264157.1457910569,39300.0,183569.1056910569,41288.040100000006,0.0,264157.1457910569,0,0.0,0,0.0,22,7,amoniaco|liquido,4.360959582000305,50,7650,43,7,,2026-09-04T07:46:30,f19ae627ba
E05_G,Calibracion del numero de generaciones,large,12,30,55,3,53000.0,G=100,150,100,,0.6,0.2,3,True,A,0.5,nogood,8,0.15,,,,,,101,0,True,4.649823543495935,246440.64780528456,37600.0,178345.52845528454,30495.119350000015,0.0,246440.64780528456,0,0.0,0,0.0,20,7,amoniaco|liquido,10.943354334000105,100,15150,98,2,,2026-09-04T07:46:40,5c4e32ca56
E05_G,Calibracion del numero de generaciones,large,12,30,55,3,53000.0,G=100,150,100,,0.6,0.2,3,True,A,0.5,nogood,8,0.15,,,,,,202,1,True,4.825421955062126,255747.36361829267,44000.0,183426.82926829267,28320.534350000005,0.0,255747.36361829267,0,0.0,0,0.0,21,8,amoniaco|liquido,9.465849788000014,100,15150,99,1,,2026-09-04T07:46:50,5c4e32ca56
E05_G,Calibracion del numero de generaciones,large,12,30,55,3,53000.0,G=100,150,100,,0.6,0.2,3,True,A,0.5,nogood,8,0.15,,,,,,303,2,True,4.855631068839802,257348.4466485095,44600.0,183094.8509485095,29653.595699999998,0.0,257348.4466485095,0,0.0,0,0.0,19,8,amoniaco|liquido,10.36061484899983,100,15150,99,1,,2026-09-04T07:47:00,5c4e32ca56
E05_G,Calibracion del numero de generaciones,large,12,30,55,3,53000.0,G=100,150,100,,0.6,0.2,3,True,A,0.5,nogood,8,0.15,,,,,,404,3,True,4.736026704901058,251009.4153597561,43300.0,175560.9756097561,32148.43975,0.0,251009.4153597561,0,0.0,0,0.0,23,8,liquido,11.422436864999781,100,15150,97,3,,2026-09-04T07:47:12,5c4e32ca56
E05_G,Calibracion del numero de generaciones,large,12,30,55,3,53000.0,G=100,150,100,,0.6,0.2,3,True,A,0.5,nogood,8,0.15,,,,,,505,4,True,4.85049186163522,257076.06866666666,33000.0,181916.66666666666,42159.402,0.0,257076.06866666666,0,0.0,0,0.0,21,6,amoniaco|liquido,11.170609962000071,100,15150,100,0,,2026-09-04T07:47:23,5c4e32ca56
E05_G,Calibracion del numero de generaciones,large,12,30,55,3,53000.0,G=100,150,100,,0.6,0.2,3,True,A,0.5,nogood,8,0.15,,,,,,606,5,True,4.752422747284859,251878.40560609754,32700.0,178975.60975609755,40202.79585,0.0,251878.40560609754,0,0.0,0,0.0,24,6,liquido,9.147874517000218,100,15150,98,2,,2026-09-04T07:47:32,5c4e32ca56
E05_G,Calibracion del numero de generaciones,large,12,30,55,3,53000.0,G=100,150,100,,0.6,0.2,3,True,A,0.5,nogood,8,0.15,,,,,,707,6,True,4.681152492363348,248101.08209525744,33000.0,183574.52574525744,31526.55635,0.0,248101.08209525744,0,0.0,0,0.0,19,6,amoniaco|liquido,10.893587884000226,100,15150,100,0,,2026-09-04T07:47:43,5c4e32ca56
E05_G,Calibracion del numero de generaciones,large,12,30,55,3,53000.0,G=100,150,100,,0.6,0.2,3,True,A,0.5,nogood,8,0.15,,,,,,808,7,True,4.920516199519354,260787.35857452577,39000.0,184507.45257452576,37279.90600000001,0.0,260787.35857452577,0,0.0,0,0.0,22,7,amoniaco|liquido,10.88287645399987,100,15150,98,2,,2026-09-04T07:47:54,5c4e32ca56
E05_G,Calibracion del numero de generaciones,large,12,30,55,3,53000.0,G=100,150,100,,0.6,0.2,3,True,A,0.5,nogood,8,0.15,,,,,,909,8,True,4.772752389781152,252955.87665840107,33000.0,186260.84010840108,33695.03655,0.0,252955.87665840107,0,0.0,0,0.0,18,6,amoniaco|liquido,8.857183212000109,100,15150,100,0,,2026-09-04T07:48:03,5c4e32ca56
E05_G,Calibracion del numero de generaciones,large,12,30,55,3,53000.0,G=100,150,100,,0.6,0.2,3,True,A,0.5,nogood,8,0.15,,,,,,1010,9,True,4.7619794156235615,252384.90902804877,33300.0,181487.80487804877,37597.10415,0.0,252384.90902804877,0,0.0,0,0.0,23,6,liquido,10.630779797999821,100,15150,97,3,,2026-09-04T07:48:13,5c4e32ca56
E05_G,Calibracion del numero de generaciones,large,12,30,55,3,53000.0,G=100,150,100,,0.6,0.2,3,True,A,0.5,nogood,8,0.15,,,,,,1111,10,True,4.723994672112287,250371.71762195122,38500.0,185262.19512195123,26609.522499999995,0.0,250371.71762195122,0,0.0,0,0.0,20,7,amoniaco|liquido,11.169550242999776,100,15150,98,2,,2026-09-04T07:48:25,5c4e32ca56
E05_G,Calibracion del numero de generaciones,large,12,30,55,3,53000.0,G=100,150,100,,0.6,0.2,3,True,A,0.5,nogood,8,0.15,,,,,,1212,11,True,4.852858971583065,257201.52549390245,44300.0,179024.39024390242,33877.13525000001,0.0,257201.52549390245,0,0.0,0,0.0,22,8,liquido,10.742663807000099,100,15150,95,5,,2026-09-04T07:48:35,5c4e32ca56
E05_G,Calibracion del numero de generaciones,large,12,30,55,3,53000.0,G=100,150,100,,0.6,0.2,3,True,A,0.5,nogood,8,0.15,,,,,,1313,12,True,4.813793942856778,255131.0789714092,33000.0,185342.1409214092,36788.938050000004,0.0,255131.0789714092,0,0.0,0,0.0,19,6,amoniaco|liquido,9.124353619999965,100,15150,100,0,,2026-09-04T07:48:44,5c4e32ca56
E05_G,Calibracion del numero de generaciones,large,12,30,55,3,53000.0,G=100,150,100,,0.6,0.2,3,True,A,0.5,nogood,8,0.15,,,,,,1414,13,True,4.727830584396892,250575.02097303525,28100.0,186852.30352303525,35622.71744999999,0.0,250575.02097303525,0,0.0,0,0.0,19,5,amoniaco|liquido,10.649572104000072,100,15150,96,4,,2026-09-04T07:48:55,5c4e32ca56
E05_G,Calibracion del numero de generaciones,large,12,30,55,3,53000.0,G=100,150,100,,0.6,0.2,3,True,A,0.5,nogood,8,0.15,,,,,,1515,14,True,4.792695115822979,254012.8411386179,44200.0,181678.86178861788,28133.979350000005,0.0,254012.8411386179,0,0.0,0,0.0,23,8,amoniaco|liquido,11.527127447000112,100,15150,97,3,,2026-09-04T07:49:07,5c4e32ca56
E05_G,Calibracion del numero de generaciones,large,12,30,55,3,53000.0,G=100,150,100,,0.6,0.2,3,True,A,0.5,nogood,8,0.15,,,,,,1616,15,True,4.883804427274122,258841.63464552848,39400.0,187534.55284552847,31907.081800000004,0.0,258841.63464552848,0,0.0,0,0.0,19,7,amoniaco|liquido,8.464244762999897,100,15150,99,1,,2026-09-04T07:49:15,5c4e32ca56
E05_G,Calibracion del numero de generaciones,large,12,30,55,3,53000.0,G=100,150,100,,0.6,0.2,3,True,A,0.5,nogood,8,0.15,,,,,,1717,16,True,4.706452182627704,249441.9656792683,38200.0,177682.92682926828,33559.038850000004,0.0,249441.9656792683,0,0.0,0,0.0,24,7,liquido,11.287841320999632,100,15150,100,0,,2026-09-04T07:49:26,5c4e32ca56
E05_G,Calibracion del numero de generaciones,large,12,30,55,3,53000.0,G=100,150,100,,0.6,0.2,3,True,A,0.5,nogood,8,0.15,,,,,,1818,17,True,4.760632158759012,252313.50441422765,38200.0,182526.42276422764,31587.081650000007,0.0,252313.50441422765,0,0.0,0,0.0,20,7,amoniaco|liquido,10.691184662000069,100,15150,94,6,,2026-09-04T07:49:37,5c4e32ca56
E05_G,Calibracion del numero de generaciones,large,12,30,55,3,53000.0,G=100,150,100,,0.6,0.2,3,True,A,0.5,nogood,8,0.15,,,,,,1919,18,True,4.819171414286445,255416.0849571816,39100.0,185815.71815718157,30500.366800000003,0.0,255416.0849571816,0,0.0,0,0.0,21,7,amoniaco|liquido,10.200925150999865,100,15150,98,2,,2026-09-04T07:49:47,5c4e32ca56
E05_G,Calibracion del numero de generaciones,large,12,30,55,3,53000.0,G=100,150,100,,0.6,0.2,3,True,A,0.5,nogood,8,0.15,,,,,,2020,19,True,4.794842039875748,254126.62811341466,34100.0,185146.34146341466,34880.28665,0.0,254126.62811341466,0,0.0,0,0.0,22,6,liquido,9.651805212,100,15150,94,6,,2026-09-04T07:49:57,5c4e32ca56
E05_G,Calibracion del numero de generaciones,large,12,30,55,3,53000.0,G=200,150,200,,0.6,0.2,3,True,A,0.5,nogood,8,0.15,,,,,,101,0,True,4.5134333554763,239211.9678402439,37600.0,175439.0243902439,26172.943450000006,0.0,239211.9678402439,0,0.0,0,0.0,20,7,liquido,22.064465990999906,200,30150,196,4,,2026-09-04T07:50:19,511f4058fa
E05_G,Calibracion del numero de generaciones,large,12,30,55,3,53000.0,G=200,150,200,,0.6,0.2,3,True,A,0.5,nogood,8,0.15,,,,,,202,1,True,4.5289651112747356,240035.150897561,38200.0,177609.75609756098,24225.394800000013,0.0,240035.150897561,0,0.0,0,0.0,22,7,liquido,19.979272351999953,200,30150,198,2,,2026-09-04T07:50:39,511f4058fa
E05_G,Calibracion del numero de generaciones,large,12,30,55,3,53000.0,G=200,150,200,,0.6,0.2,3,True,A,0.5,nogood,8,0.15,,,,,,303,2,True,4.637562570113003,245790.81621598915,38800.0,182891.59891598916,24099.217299999993,0.0,245790.81621598915,0,0.0,0,0.0,20,7,amoniaco|liquido,20.55218301800005,200,30150,198,2,,2026-09-04T07:51:00,511f4058fa
E05_G,Calibracion del numero de generaciones,large,12,30,55,3,53000.0,G=200,150,200,,0.6,0.2,3,True,A,0.5,nogood,8,0.15,,,,,,404,3,True,4.452996868177634,236008.83401341463,37300.0,174146.34146341463,24562.492550000003,0.0,236008.83401341463,0,0.0,0,0.0,22,7,liquido,21.935628698000073,200,30150,195,5,,2026-09-04T07:51:21,511f4058fa
E05_G,Calibracion del numero de generaciones,large,12,30,55,3,53000.0,G=200,150,200,,0.6,0.2,3,True,A,0.5,nogood,8,0.15,,,,,,505,4,True,4.635889567326278,245702.14706829272,33000.0,179926.8292682927,32775.31780000001,0.0,245702.14706829272,0,0.0,0,0.0,23,6,liquido,20.151582481999867,200,30150,198,2,,2026-09-04T07:51:42,511f4058fa
E05_G,Calibracion del numero de generaciones,large,12,30,55,3,53000.0,G=200,150,200,,0.6,0.2,3,True,A,0.5,nogood,8,0.15,,,,,,606,5,True,4.5827409041417395,242885.2679195122,32700.0,179121.9512195122,31063.316699999996,0.0,242885.2679195122,0,0.0,0,0.0,21,6,liquido,22.083171340999797,200,30150,200,0,,2026-09-04T07:52:04,511f4058fa
E05_G,Calibracion del numero de generaciones,large,12,30,55,3,53000.0,G=200,150,200,,0.6,0.2,3,True,A,0.5,nogood,8,0.15,,,,,,707,6,True,4.635444559045355,245678.5616294038,33000.0,183037.9403794038,29640.62125,0.0,245678.5616294038,0,0.0,0,0.0,18,6,amoniaco|liquido,19.19336350599997,200,30150,179,21,,2026-09-04T07:52:23,511f4058fa
E05_G,Calibracion del numero de generaciones,large,12,30,55,3,53000.0,G=200,150,200,,0.6,0.2,3,True,A,0.5,nogood,8,0.15,,,,,,808,7,True,4.758740930444342,252213.26931355015,33000.0,184001.35501355014,35211.9143,0.0,252213.26931355015,0,0.0,0,0.0,20,6,amoniaco|liquido,21.92610723100006,200,30150,180,20,,2026-09-04T07:52:45,511f4058fa
E05_G,Calibracion del numero de generaciones,large,12,30,55,3,53000.0,G=200,150,200,,0.6,0.2,3,True,A,0.5,nogood,8,0.15,,,,,,909,8,True,4.629436603538375,245360.13998753388,33000.0,182088.75338753388,30271.386600000005,0.0,245360.13998753388,0,0.0,0,0.0,21,6,amoniaco|liquido,19.44772912799999,200,30150,200,0,,2026-09-04T07:53:04,511f4058fa
E05_G,Calibracion del numero de generaciones,large,12,30,55,3,53000.0,G=200,150,200,,0.6,0.2,3,True,A,0.5,nogood,8,0.15,,,,,,1010,9,True,4.647082442982052,246295.36947804876,33300.0,181487.80487804877,31507.56459999999,0.0,246295.36947804876,0,0.0,0,0.0,22,6,liquido,19.829272902999946,200,30150,198,2,,2026-09-04T07:53:24,511f4058fa
E05_G,Calibracion del numero de generaciones,large,12,30,55,3,53000.0,G=200,150,200,,0.6,0.2,3,True,A,0.5,nogood,8,0.15,,,,,,1111,10,True,4.607129656948919,244177.8718182927,38500.0,178926.8292682927,26751.04255,0.0,244177.8718182927,0,0.0,0,0.0,23,7,liquido,22.561059248999754,200,30150,197,3,,2026-09-04T07:53:47,511f4058fa
E05_G,Calibracion del numero de generaciones,large,12,30,55,3,53000.0,G=200,150,200,,0.6,0.2,3,True,A,0.5,nogood,8,0.15,,,,,,1212,11,True,4.55960113831109,241658.86033048778,38500.0,178878.0487804878,24280.81155,0.0,241658.86033048778,0,0.0,0,0.0,23,7,liquido,20.453815217000283,200,30150,191,9,,2026-09-04T07:54:07,511f4058fa
E05_G,Calibracion del numero de generaciones,large,12,30,55,3,53000.0,G=200,150,200,,0.6,0.2,3,True,A,0.5,nogood,8,0.15,,,,,,1313,12,True,4.577180162563277,242590.54861585368,33000.0,180536.58536585368,29053.96325,0.0,242590.54861585368,0,0.0,0,0.0,21,6,liquido,21.927749440999833,200,30150,196,4,,2026-09-04T07:54:29,511f4058fa
E05_G,Calibracion del numero de generaciones,large,12,30,55,3,53000.0,G=200,150,200,,0.6,0.2,3,True,A,0.5,nogood,8,0.15,,,,,,1414,13,True,4.6905679742572985,248600.10263563684,28100.0,187368.56368563685,33131.538949999995,0.0,248600.10263563684,0,0.0,0,0.0,18,5,amoniaco|liquido,19.222707897999953,200,30150,190,10,,2026-09-04T07:54:48,511f4058fa
E05_G,Calibracion del numero de generaciones,large,12,30,55,3,53000.0,G=200,150,200,,0.6,0.2,3,True,A,0.5,nogood,8,0.15,,,,,,1515,14,True,4.523060353221353,239722.1987207317,38400.0,178317.07317073172,23005.12555,0.0,239722.1987207317,0,0.0,0,0.0,23,7,liquido,23.207282699999723,200,30150,195,5,,2026-09-04T07:55:12,511f4058fa
E05_G,Calibracion del numero de generaciones,large,12,30,55,3,53000.0,G=200,150,200,,0.6,0.2,3,True,A,0.5,nogood,8,0.15,,,,,,1616,15,True,4.773010750848801,252969.56979498646,39400.0,185864.49864498645,27705.071150000003,0.0,252969.56979498646,0,0.0,0,0.0,18,7,amoniaco|liquido,19.328059239999675,200,30150,198,2,,2026-09-04T07:55:31,511f4058fa
E05_G,Calibracion del numero de generaciones,large,12,30,55,3,53000.0,G=200,150,200,,0.6,0.2,3,True,A,0.5,nogood,8,0.15,,,,,,1717,16,True,4.512612940658076,239168.48585487803,38200.0,177780.48780487804,23187.998049999987,0.0,239168.48585487803,0,0.0,0,0.0,24,7,liquido,22.007897819999926,200,30150,200,0,,2026-09-04T07:55:53,511f4058fa
E05_G,Calibracion del numero de generaciones,large,12,30,55,3,53000.0,G=200,150,200,,0.6,0.2,3,True,A,0.5,nogood,8,0.15,,,,,,1818,17,True,4.688468222725878,248488.81580447152,38200.0,182965.44715447153,27323.368649999997,0.0,248488.81580447152,0,0.0,0,0.0,18,7,amoniaco|liquido,20.825954592000016,200,30150,190,10,,2026-09-04T07:56:14,511f4058fa
E05_G,Calibracion del numero de generaciones,large,12,30,55,3,53000.0,G=200,150,200,,0.6,0.2,3,True,A,0.5,nogood,8,0.15,,,,,,1919,18,True,4.69286994199775,248722.10692588074,39100.0,183807.58807588075,25814.518850000004,0.0,248722.10692588074,0,0.0,0,0.0,20,7,amoniaco|liquido,20.216140883999742,200,30150,199,1,,2026-09-04T07:56:34,511f4058fa
E05_G,Calibracion del numero de generaciones,large,12,30,55,3,53000.0,G=200,150,200,,0.6,0.2,3,True,A,0.5,nogood,8,0.15,,,,,,2020,19,True,4.610684135572941,244366.25918536587,28100.0,183658.53658536586,32607.7226,0.0,244366.25918536587,0,0.0,0,0.0,21,5,liquido,22.03278294799975,200,30150,199,1,,2026-09-04T07:56:56,511f4058fa
E05_G,Calibracion del numero de generaciones,large,12,30,55,3,53000.0,G=400,150,400,,0.6,0.2,3,True,A,0.5,nogood,8,0.15,,,,,,101,0,True,4.435886177473539,235101.96740609757,37600.0,175975.60975609758,21526.357650000005,0.0,235101.96740609757,0,0.0,0,0.0,21,7,liquido,41.79190952399995,400,60150,325,75,,2026-09-04T07:57:38,e6659267c4
E05_G,Calibracion del numero de generaciones,large,12,30,55,3,53000.0,G=400,150,400,,0.6,0.2,3,True,A,0.5,nogood,8,0.15,,,,,,202,1,True,4.479744348113208,237426.45045,38200.0,178000.0,21226.450450000008,0.0,237426.45045,0,0.0,0,0.0,22,7,liquido,40.70464236199996,400,60150,398,2,,2026-09-04T07:58:18,e6659267c4
E05_G,Calibracion del numero de generaciones,large,12,30,55,3,53000.0,G=400,150,400,,0.6,0.2,3,True,A,0.5,nogood,8,0.15,,,,,,303,2,True,4.613266001498184,244503.09807940378,38800.0,183037.9403794038,22665.15769999999,0.0,244503.09807940378,0,0.0,0,0.0,18,7,amoniaco|liquido,40.70813518299974,400,60150,276,124,,2026-09-04T07:58:59,e6659267c4
E05_G,Calibracion del numero de generaciones,large,12,30,55,3,53000.0,G=400,150,400,,0.6,0.2,3,True,A,0.5,nogood,8,0.15,,,,,,404,3,True,4.424962596916705,234523.01763658537,37300.0,173853.65853658537,23369.359100000005,0.0,234523.01763658537,0,0.0,0,0.0,22,7,liquido,43.027568642999995,400,60150,301,99,,2026-09-04T07:59:42,e6659267c4
E05_G,Calibracion del numero de generaciones,large,12,30,55,3,53000.0,G=400,150,400,,0.6,0.2,3,True,A,0.5,nogood,8,0.15,,,,,,505,4,True,4.491223410331339,238034.840747561,33000.0,179609.75609756098,25425.084649999997,0.0,238034.840747561,0,0.0,0,0.0,21,6,liquido,42.359579376000056,400,60150,399,1,,2026-09-04T08:00:25,e6659267c4
E05_G,Calibracion del numero de generaciones,large,12,30,55,3,53000.0,G=400,150,400,,0.6,0.2,3,True,A,0.5,nogood,8,0.15,,,,,,606,5,True,4.519257221398988,239520.63273414635,32700.0,178463.41463414635,28357.218099999995,0.0,239520.63273414635,0,0.0,0,0.0,22,6,liquido,41.99032443999977,400,60150,382,18,,2026-09-04T08:01:07,e6659267c4
E05_G,Calibracion del numero de generaciones,large,12,30,55,3,53000.0,G=400,150,400,,0.6,0.2,3,True,A,0.5,nogood,8,0.15,,,,,,707,6,True,4.61172473124968,244421.41075623306,33000.0,183330.62330623306,28090.787450000003,0.0,244421.41075623306,0,0.0,0,0.0,19,6,amoniaco|liquido,40.86705741100013,400,60150,393,7,,2026-09-04T08:01:47,e6659267c4
E05_G,Calibracion del numero de generaciones,large,12,30,55,3,53000.0,G=400,150,400,,0.6,0.2,3,True,A,0.5,nogood,8,0.15,,,,,,808,7,True,4.703618086104719,249291.75856355013,33000.0,184001.35501355014,32290.403549999995,0.0,249291.75856355013,0,0.0,0,0.0,19,6,amoniaco|liquido,39.71645194899975,400,60150,341,59,,2026-09-04T08:02:27,e6659267c4
E05_G,Calibracion del numero de generaciones,large,12,30,55,3,53000.0,G=400,150,400,,0.6,0.2,3,True,A,0.5,nogood,8,0.15,,,,,,909,8,True,4.525959350989416,239875.84560243902,33000.0,179390.24390243902,27485.601699999996,0.0,239875.84560243902,0,0.0,0,0.0,21,6,liquido,41.14573314500012,400,60150,370,30,,2026-09-04T08:03:08,e6659267c4
E05_G,Calibracion del numero de generaciones,large,12,30,55,3,53000.0,G=400,150,400,,0.6,0.2,3,True,A,0.5,nogood,8,0.15,,,,,,1010,9,True,4.644808164680165,246174.83272804876,33300.0,181487.80487804877,31387.02784999999,0.0,246174.83272804876,0,0.0,0,0.0,20,6,liquido,41.473905894999916,400,60150,241,159,,2026-09-04T08:03:50,e6659267c4
E05_G,Calibracion del numero de generaciones,large,12,30,55,3,53000.0,G=400,150,400,,0.6,0.2,3,True,A,0.5,nogood,8,0.15,,,,,,1111,10,True,4.431028414680165,234844.50597804878,32700.0,178487.80487804877,23656.701100000002,0.0,234844.50597804878,0,0.0,0,0.0,20,6,liquido,42.59519443099998,400,60150,373,27,,2026-09-04T08:04:32,e6659267c4
E05_G,Calibracion del numero de generaciones,large,12,30,55,3,53000.0,G=400,150,400,,0.6,0.2,3,True,A,0.5,nogood,8,0.15,,,,,,1212,11,True,4.542428059756097,240748.68716707313,38500.0,178731.70731707316,23516.97984999999,0.0,240748.68716707313,0,0.0,0,0.0,21,7,liquido,42.66416294800001,400,60150,305,95,,2026-09-04T08:05:15,e6659267c4
E05_G,Calibracion del numero de generaciones,large,12,30,55,3,53000.0,G=400,150,400,,0.6,0.2,3,True,A,0.5,nogood,8,0.15,,,,,,1313,12,True,4.541133278854119,240680.0637792683,33000.0,180682.9268292683,26997.136949999996,0.0,240680.0637792683,0,0.0,0,0.0,20,6,liquido,41.77160467700014,400,60150,373,27,,2026-09-04T08:05:57,e6659267c4
E05_G,Calibracion del numero de generaciones,large,12,30,55,3,53000.0,G=400,150,400,,0.6,0.2,3,True,A,0.5,nogood,8,0.15,,,,,,1414,13,True,4.690443710106355,248593.51663563683,28100.0,187368.56368563685,33124.952949999984,0.0,248593.51663563683,0,0.0,0,0.0,18,5,amoniaco|liquido,37.8715884409994,400,60150,256,144,,2026-09-04T08:06:35,e6659267c4
E05_G,Calibracion del numero de generaciones,large,12,30,55,3,53000.0,G=400,150,400,,0.6,0.2,3,True,A,0.5,nogood,8,0.15,,,,,,1515,14,True,4.390832530096641,232714.12409512198,32400.0,177219.51219512196,23094.611900000004,0.0,232714.12409512198,0,0.0,0,0.0,22,6,liquido,42.834767960000136,400,60150,398,2,,2026-09-04T08:07:18,e6659267c4
E05_G,Calibracion del numero de generaciones,large,12,30,55,3,53000.0,G=400,150,400,,0.6,0.2,3,True,A,0.5,nogood,8,0.15,,,,,,1616,15,True,4.7036330966533715,249292.5541226287,39400.0,186287.26287262872,23605.291249999995,0.0,249292.5541226287,0,0.0,0,0.0,18,7,amoniaco|liquido,40.84380367999984,400,60150,263,137,,2026-09-04T08:07:58,e6659267c4
E05_G,Calibracion del numero de generaciones,large,12,30,55,3,53000.0,G=400,150,400,,0.6,0.2,3,True,A,0.5,nogood,8,0.15,,,,,,1717,16,True,4.376815306764841,231971.21125853658,32400.0,177365.8536585366,22205.3576,0.0,231971.21125853658,0,0.0,0,0.0,23,6,liquido,43.529520889000196,400,60150,340,60,,2026-09-04T08:08:42,e6659267c4
E05_G,Calibracion del numero de generaciones,large,12,30,55,3,53000.0,G=400,150,400,,0.6,0.2,3,True,A,0.5,nogood,8,0.15,,,,,,1818,17,True,4.663665248090198,247174.2581487805,38200.0,183554.8780487805,25419.3801,0.0,247174.2581487805,0,0.0,0,0.0,18,7,amoniaco|liquido,40.82390272199973,400,60150,311,89,,2026-09-04T08:09:23,e6659267c4
E05_G,Calibracion del numero de generaciones,large,12,30,55,3,53000.0,G=400,150,400,,0.6,0.2,3,True,A,0.5,nogood,8,0.15,,,,,,1919,18,True,4.548144097826865,241051.63718482383,33300.0,183238.48238482384,24513.154799999997,0.0,241051.63718482383,0,0.0,0,0.0,20,6,amoniaco|liquido,41.34245587700025,400,60150,327,73,,2026-09-04T08:10:04,e6659267c4
E05_G,Calibracion del numero de generaciones,large,12,30,55,3,53000.0,G=400,150,400,,0.6,0.2,3,True,A,0.5,nogood,8,0.15,,,,,,2020,19,True,4.593949279912563,243479.31183536584,28100.0,183658.53658536586,31720.77524999999,0.0,243479.31183536584,0,0.0,0,0.0,19,5,liquido,39.10435805100042,400,60150,274,126,,2026-09-04T08:10:43,e6659267c4
